trip_duration_days,miles_traveled,total_receipts_amount,expected_output,miles per day,receipts per day,5 day trip bonus,per diem,calc_output 1,DIFF,mileage score,spend score,receipt contribution,mileage contribution,kritik try 1,diff
3,93,1.42,364.51,31.00,0.47,0,300,354.39,3%,1.00,1.00,1.42,53.94,355.36,-9.15
1,55,3.6,126.06,55.00,3.60,0,100,108.20,14%,1.20,1.00,3.60,38.28,141.88,15.82
1,47,17.97,128.91,47.00,17.97,0,100,103.31,20%,1.00,1.00,17.97,27.26,145.23,16.32
2,13,4.67,203.52,6.50,2.34,0,200,233.74,-15%,1.00,1.00,4.67,7.54,212.21,8.69
3,88,5.78,380.37,29.33,1.93,0,300,354.79,7%,1.00,1.00,5.78,51.04,356.82,-23.55
1,76,13.74,158.35,76.00,13.74,0,100,131.14,17%,1.20,1.00,13.74,52.90,166.64,8.29
3,41,4.52,320.12,13.67,1.51,0,300,338.66,-6%,1.00,1.00,4.52,23.78,328.30,8.18
1,140,22.71,199.68,140.00,22.71,0,100,203.46,-2%,1.20,1.00,22.71,80.16,202.87,3.19
3,121,21.17,464.07,40.33,7.06,0,300,377.22,19%,1.00,1.00,21.17,62.62,383.79,-80.28
3,117,21.99,359.1,39.00,7.33,0,300,375.81,-5%,1.00,1.00,21.99,61.74,383.73,24.63
2,202,21.24,356.17,101.00,10.62,0,200,384.91,-8%,1.20,1.00,21.24,96.53,317.77,-38.40
3,80,21.05,366.87,26.67,7.02,0,300,360.02,2%,1.00,1.00,21.05,46.40,367.45,0.58
2,21,20.04,204.58,10.50,10.02,0,200,243.70,-19%,1.00,1.00,20.04,12.18,232.22,27.64
3,177,18.73,430.86,59.00,6.24,0,300,405.92,6%,1.20,1.00,18.73,89.93,408.66,-22.20
1,141,10.15,195.14,141.00,10.15,0,100,202.10,-4%,1.20,1.00,10.15,80.42,190.57,-4.57
1,58,5.86,117.24,58.00,5.86,0,100,111.57,5%,1.20,1.00,5.86,40.37,146.23,28.99
1,133,8.34,179.06,133.00,8.34,0,100,192.36,-7%,1.20,1.00,8.34,78.31,186.65,7.59
1,59,8.31,120.65,59.00,8.31,0,100,113.03,6%,1.20,1.00,8.31,41.06,149.37,28.72
2,89,13.85,234.2,44.50,6.93,0,200,284.92,-22%,1.00,1.00,13.85,51.62,265.47,31.27
2,147,17.43,325.56,73.50,8.72,0,200,332.26,-2%,1.20,1.00,17.43,82.01,299.44,-26.12
5,130,306.9,574.1,26.00,61.38,620.21,500,559.23,3%,1.00,1.00,306.90,64.60,1491.71,917.61
5,173,1337.9,1443.96,34.60,267.58,620.21,500,1414.86,2%,1.00,0.85,1137.22,74.06,2331.49,887.53
5,592,433.75,869,118.40,86.75,620.21,500,862.98,1%,1.20,1.00,433.75,191.76,1745.72,876.72
5,679,476.08,1030.41,135.80,95.22,620.21,500,995.98,3%,1.20,0.85,404.67,207.42,1732.30,701.89
5,708,1129.52,1654.62,141.60,225.90,620.21,500,1606.03,3%,1.20,0.85,960.09,212.64,2292.94,638.32
5,261,464.94,621.12,52.20,92.99,620.21,500,697.77,-12%,1.20,0.85,395.20,112.10,1627.51,1006.39
5,794,511,1139.94,158.80,102.20,620.21,500,1181.81,-4%,1.20,0.85,434.35,228.12,1782.68,642.74
5,521,1448.55,1624.01,104.20,289.71,620.21,500,1666.07,-3%,1.20,0.85,1231.27,178.98,2530.46,906.45
5,595,863.93,1231.67,119.00,172.79,620.21,500,1244.54,-1%,1.20,0.85,734.34,192.30,2046.85,815.18
5,811,952.39,1608.6,162.20,190.48,620.21,500,1601.08,0%,1.20,0.85,809.53,231.18,2160.92,552.32
5,477,704.42,1045.96,95.40,140.88,620.21,500,1002.98,4%,1.20,0.85,598.76,169.13,1888.10,842.14
5,730,485.73,991.49,146.00,97.15,620.21,500,1069.08,-8%,1.20,0.85,412.87,216.60,1749.68,758.19
5,262,1173.79,1485.59,52.40,234.76,620.21,500,1294.45,13%,1.20,0.85,997.72,112.37,2230.30,744.71
5,446,219.98,788.62,89.20,44.00,620.21,500,555.00,30%,1.20,1.00,219.98,160.94,1501.13,712.51
5,751,407.43,1063.46,150.20,81.49,620.21,500,1026.48,3%,1.20,1.00,407.43,220.38,1748.02,684.56
5,324,128.94,686.54,64.80,25.79,620.21,500,417.55,39%,1.20,1.00,128.94,128.74,1377.89,691.35
5,414,967,1368.94,82.80,193.40,620.21,500,1185.99,13%,1.20,0.85,821.95,152.50,2094.66,725.72
5,367,290.78,742.25,73.40,58.16,620.21,500,577.24,22%,1.20,1.00,290.78,140.09,1551.08,808.83
5,764,848.75,1468.46,152.80,169.75,620.21,500,1439.56,2%,1.20,0.85,721.44,222.72,2064.37,595.91
5,249,873.75,1185.24,49.80,174.75,620.21,500,1043.55,12%,1.00,0.85,742.69,90.78,1953.68,768.44
8,862,1817.85,1719.37,107.75,227.23,0,800,2010.57,-17%,1.20,0.85,1545.17,240.36,2585.53,866.16
11,927,1994.33,1779.12,84.27,181.30,0,1100,1325.07,26%,1.20,0.85,1695.18,252.06,3047.24,1268.12
9,602,186.69,1085.4,66.89,20.74,0,900,-798.08,174%,1.20,1.00,186.69,193.56,1280.25,194.85
8,610,208.29,841.27,76.25,26.04,0,800,-306.93,136%,1.20,1.00,208.29,195.00,1203.29,362.02
12,333,1103.21,1618.13,27.75,91.93,0,1200,-239.16,115%,1.00,0.85,937.73,109.26,2246.99,628.86
8,435,1129.65,1525.26,54.38,141.21,0,800,998.78,35%,1.20,0.85,960.20,158.04,1918.24,392.98
9,218,1203.45,1561.63,24.22,133.72,0,900,1069.57,32%,1.00,0.85,1022.93,83.96,2006.89,445.26
12,781,1159.18,1752.72,65.08,96.60,0,1200,-741.05,142%,1.20,0.85,985.30,225.78,2411.08,658.36
11,916,1036.91,2098.07,83.27,94.26,0,1100,-467.39,122%,1.20,0.85,881.37,250.08,2231.45,133.38
10,358,2066.62,1624.11,35.80,206.66,0,1000,2078.16,-28%,1.00,0.85,1756.63,114.76,2871.39,1247.28
12,566,2013.7,1752.03,47.17,167.81,0,1200,1211.45,31%,1.00,0.85,1711.65,155.90,3067.55,1315.52
9,954,1483.39,2024.2,106.00,164.82,0,900,1281.77,37%,1.20,0.85,1260.88,256.92,2417.80,393.60
9,534,1929.94,1624.87,59.33,214.44,0,900,1900.31,-17%,1.20,0.85,1640.45,181.32,2721.77,1096.90
12,765,1343.97,1953.03,63.75,112.00,0,1200,-348.72,118%,1.20,0.85,1142.37,222.90,2565.27,612.24
8,630,967.69,1388.05,78.75,120.96,0,800,756.98,45%,1.20,0.85,822.54,198.60,1821.14,433.09
10,909,696,1505.19,90.90,69.60,0,1000,-512.79,134%,1.20,1.00,696.00,248.82,1944.82,439.63
10,223,745.89,1037.45,22.30,74.59,0,1000,67.72,93%,1.00,1.00,745.89,85.06,1830.95,793.50
8,467,1178.71,1483.33,58.38,147.34,0,800,1055.27,29%,1.20,0.85,1001.90,166.49,1968.39,485.06
9,708,461.07,1110.6,78.67,51.23,0,900,-383.00,134%,1.20,1.00,461.07,212.64,1573.71,463.11
9,885,1764.97,1694.37,98.33,196.11,0,900,1673.09,1%,1.20,0.85,1500.22,244.50,2644.72,950.35
6,855,591.35,1339.72,142.50,98.56,0,600,1071.24,20%,1.20,0.85,502.65,239.10,1341.75,2.03
2,993,54.24,715.19,496.50,27.12,0,200,1952.68,-173%,1.20,1.00,54.24,263.94,518.18,-197.01
5,685,747.14,1216.36,137.00,149.43,620.21,500,1244.44,-2%,1.20,0.85,635.07,208.50,1963.78,747.42
3,981,341.45,813.95,327.00,113.82,0,300,1874.50,-130%,1.20,0.85,290.23,261.78,852.01,38.06
5,770,873.33,1502.49,154.00,174.67,620.21,500,1469.85,2%,1.20,0.85,742.33,223.80,2086.34,583.85
6,697,651.64,1237.71,116.17,108.61,0,600,959.31,22%,1.20,0.85,553.89,210.66,1364.55,126.84
3,795,450.85,743.94,265.00,150.28,0,300,1497.06,-101%,1.20,0.85,383.22,228.30,911.52,167.58
3,606,1184.23,1364.54,202.00,394.74,0,300,1521.65,-12%,1.20,0.85,1006.60,194.28,1500.88,136.34
3,842,865.37,1251.14,280.67,288.46,0,300,1831.75,-46%,1.20,0.85,735.56,236.76,1272.32,21.18
7,748,241.73,971.31,106.86,34.53,0,700,199.78,79%,1.20,1.00,241.73,219.84,1161.57,190.26
7,624,148.16,905.79,89.14,21.17,0,700,16.31,98%,1.20,1.00,148.16,197.52,1045.68,139.89
2,713,740.33,1048.28,356.50,370.17,0,200,1497.70,-43%,1.20,0.85,629.28,213.54,1042.82,-5.46
3,874,1191.4,1515.99,291.33,397.13,0,300,2080.84,-37%,1.20,0.85,1012.69,242.52,1555.21,39.22
6,761,530.19,1120.1,126.83,88.37,0,600,893.77,20%,1.20,1.00,530.19,222.18,1352.37,232.27
1,815,97.89,539.36,815.00,97.89,0,100,1575.21,-192%,1.20,0.85,83.21,231.90,415.11,-124.25
1,601,497.7,644.12,601.00,497.70,0,100,1112.84,-73%,1.20,0.85,423.05,193.38,716.43,72.30
7,817,1127.87,1809.91,116.71,161.12,0,700,1349.46,25%,1.20,0.85,958.69,232.26,1890.95,81.04
1,606,923,1050.05,606.00,923.00,0,100,1206.58,-15%,1.20,0.85,784.55,194.28,1078.83,28.78
1,909,741.82,866.07,909.00,741.82,0,100,2005.00,-132%,1.20,0.85,630.55,248.82,979.37,113.30
3,624,1160.92,1459.34,208.00,386.97,0,300,1541.70,-6%,1.20,0.85,986.78,197.52,1484.30,24.96
4,650,619.49,676.38,162.50,154.87,0,400,1229.90,-82%,1.20,0.85,526.57,202.20,1128.77,452.39
6,204,818.99,628.4,34.00,136.50,0,600,969.19,-54%,1.00,0.85,696.14,80.88,1377.02,748.62
1,263,396.49,198.42,263.00,396.49,0,100,441.51,-123%,1.20,0.85,337.02,112.63,549.65,351.23
1,451,555.49,162.18,451.00,555.49,0,100,799.86,-393%,1.20,0.85,472.17,162.26,734.43,572.25
10,424,474.99,831.96,42.40,47.50,0,1000,-662.62,180%,1.00,1.00,474.99,129.28,1604.27,772.31
2,565,389.49,415.96,282.50,194.75,0,200,1053.55,-153%,1.20,0.85,331.07,186.90,717.97,302.01
9,397,348.49,913.29,44.11,38.72,0,900,-421.82,146%,1.00,1.00,348.49,123.34,1371.83,458.54
1,532,413.99,355.57,532.00,413.99,0,100,939.84,-164%,1.20,0.85,351.89,180.96,632.85,277.28
2,384,495.49,290.36,192.00,247.75,0,200,785.64,-171%,1.20,0.85,421.17,144.58,765.74,475.38
5,754,489.99,765.13,150.80,98.00,620.21,500,1105.44,-44%,1.20,0.85,416.49,220.92,1757.62,992.49
1,344.46,813.85,707.88,344.46,813.85,0,100,647.29,9%,1.20,0.85,691.77,134.14,925.91,218.03
3,906.3,540.03,848.42,302.10,180.01,0,300,1802.33,-112%,1.20,0.85,459.03,248.33,1007.36,158.94
3,1007.56,187.52,764.64,335.85,62.51,0,300,1852.22,-142%,1.20,1.00,187.52,266.56,754.08,-10.56
1,359.62,221.15,255.57,359.62,221.15,0,100,563.79,-121%,1.20,0.85,187.98,138.14,426.12,170.55
1,362.79,749.19,636.51,362.79,749.19,0,100,668.77,-5%,1.20,0.85,636.81,138.98,875.79,239.28
1,288.72,159.26,303.94,288.72,159.26,0,100,434.57,-43%,1.20,0.85,135.37,119.42,354.79,50.85
2,782.17,830.72,1165.44,391.09,415.36,0,200,1696.60,-46%,1.20,0.85,706.11,225.99,1132.10,-33.34
2,623.18,347.54,625.15,311.59,173.77,0,200,1152.75,-84%,1.20,0.85,295.41,197.37,692.78,67.63
3,1061.15,388.5,693.36,353.72,129.50,0,300,2118.11,-205%,1.20,0.85,330.23,276.21,906.43,213.07
1,252.75,285.5,331.74,252.75,285.50,0,100,405.15,-22%,1.20,0.85,242.68,109.93,452.60,120.86
3,1020.39,250.62,779.08,340.13,83.54,0,300,1924.33,-147%,1.20,1.00,250.62,268.87,819.49,40.41
1,257.97,816.81,738.01,257.97,816.81,0,100,506.09,31%,1.20,0.85,694.29,111.30,905.59,167.58
3,1025.03,592.55,992.4,341.68,197.52,0,300,2137.97,-115%,1.20,0.85,503.67,269.71,1073.37,80.97
2,794.32,402.31,671.06,397.16,201.16,0,200,1561.79,-133%,1.20,0.85,341.96,228.18,770.14,99.08
1,276.85,485.54,361.66,276.85,485.54,0,100,479.10,-32%,1.20,0.85,412.71,116.29,629.00,267.34
2,851.68,473.96,650.68,425.84,236.98,0,200,1736.57,-167%,1.20,0.85,402.87,238.50,841.37,190.69
3,859.12,611.07,960.47,286.37,203.69,0,300,1730.69,-80%,1.20,0.85,519.41,239.84,1059.25,98.78
3,1317.07,476.87,787.42,439.02,158.96,0,300,2966.48,-277%,1.20,0.85,405.34,322.27,1027.61,240.19
1,388.1,827.37,741.46,388.10,827.37,0,100,727.96,2%,1.20,0.85,703.26,145.66,948.92,207.46
1,264.39,758.27,636.19,264.39,758.27,0,100,506.62,20%,1.20,0.85,644.53,113.00,857.53,221.34
5,198.21,594.83,807.48,39.64,118.97,620.21,500,802.50,1%,1.00,0.85,505.61,79.61,1705.42,897.94
6,72.85,457.75,666.59,12.14,76.29,0,600,660.12,1%,1.00,1.00,457.75,42.25,1100.00,433.41
8,297.64,481.09,835.08,37.21,60.14,0,800,187.69,78%,1.00,1.00,481.09,101.48,1382.57,547.49
7,237.33,1262.27,1452.17,33.90,180.32,0,700,1379.24,5%,1.00,0.85,1072.93,88.21,1861.14,408.97
5,195.73,1228.49,511.23,39.15,245.70,620.21,500,1328.26,-160%,1.00,0.85,1044.22,79.06,2243.49,1732.26
8,276.28,1179.9,1522.6,34.54,147.49,0,800,1150.63,24%,1.00,0.85,1002.92,96.78,1899.70,377.10
8,302.24,1046.04,1353.77,37.78,130.76,0,800,953.57,30%,1.00,0.85,889.13,102.49,1791.63,437.86
8,266.87,252.08,880.41,33.36,31.51,0,800,-106.07,112%,1.00,1.00,252.08,94.71,1146.79,266.38
9,310.69,239.64,828.16,34.52,26.63,0,900,-511.46,162%,1.00,1.00,239.64,104.35,1243.99,415.83
6,222.08,709.07,1031.34,37.01,118.18,0,600,853.46,17%,1.00,0.85,602.71,84.86,1287.57,256.23
8,264.94,720.67,1019.85,33.12,90.08,0,800,540.95,47%,1.00,0.85,612.57,94.29,1506.86,487.01
8,161.15,1230.37,1499.24,20.14,153.80,0,800,1316.82,12%,1.00,0.85,1045.81,71.45,1917.27,418.03
9,259.96,554.74,835.54,28.88,61.64,0,900,34.60,96%,1.00,1.00,554.74,93.19,1547.93,712.39
9,97.85,518.56,850.57,10.87,57.62,0,900,197.32,77%,1.00,1.00,518.56,56.75,1475.31,624.74
9,194.34,1054.93,1374.9,21.59,117.21,0,900,875.97,36%,1.00,0.85,896.69,78.75,1875.45,500.55
9,332.35,374.61,830.45,36.93,41.62,0,900,-322.25,139%,1.00,1.00,374.61,109.12,1383.73,553.28
5,126.44,696.14,845.35,25.29,139.23,620.21,500,891.48,-5%,1.00,0.85,591.72,63.82,1775.75,930.40
5,66.13,848.03,1050.25,13.23,169.61,620.21,500,1029.66,2%,1.00,0.85,720.83,38.36,1879.39,829.14
6,135.34,1144.13,1478.11,22.56,190.69,0,600,1315.34,11%,1.00,0.85,972.51,65.77,1638.29,160.18
6,233.7,346.98,648.57,38.95,57.83,0,600,478.01,26%,1.00,1.00,346.98,87.41,1034.39,385.82
9,849,1007.41,1785.47,94.33,111.93,0,900,495.08,72%,1.20,0.85,856.30,238.02,1994.32,208.85
6,806,1760.64,1718.76,134.33,293.44,0,600,2217.25,-29%,1.20,0.85,1496.54,230.28,2326.82,608.06
8,891,1194.36,2016.46,111.38,149.30,0,800,1186.36,41%,1.20,0.85,1015.21,245.58,2060.79,44.33
9,1182,1342.24,2164.15,131.33,149.14,0,900,1266.62,41%,1.20,0.85,1140.90,297.96,2338.86,174.71
7,1010,1514.03,2063.98,144.29,216.29,0,700,2040.46,1%,1.20,0.85,1286.93,267.00,2253.93,189.95
8,892,1768.53,1902.37,111.50,221.07,0,800,1968.31,-3%,1.20,0.85,1503.25,245.76,2549.01,646.64
6,825,1692.73,1817.77,137.50,282.12,0,600,2174.37,-20%,1.20,0.85,1438.82,233.70,2272.52,454.75
8,1118,1758.52,1852.47,139.75,219.82,0,800,2203.63,-19%,1.20,0.85,1494.74,286.44,2581.18,728.71
8,1064,1756.52,1857.04,133.00,219.57,0,800,2130.15,-15%,1.20,0.85,1493.04,276.72,2569.76,712.72
6,811,1252.04,1771.8,135.17,208.67,0,600,1709.87,3%,1.20,0.85,1064.23,231.18,1895.41,123.61
7,889,1417.96,1826.08,127.00,202.57,0,700,1771.41,3%,1.20,0.85,1205.27,245.22,2150.49,324.41
9,1012,1429.04,1880.76,112.44,158.78,0,900,1238.03,34%,1.20,0.85,1214.68,267.36,2382.04,501.28
6,909,1332.18,1720.21,151.50,222.03,0,600,1927.07,-12%,1.20,0.85,1132.35,248.82,1981.17,260.96
9,1096,1690.22,1894.85,121.78,187.80,0,900,1713.24,10%,1.20,0.85,1436.69,282.48,2619.17,724.32
9,913,1021.29,1964.86,101.44,113.48,0,900,542.67,72%,1.20,0.85,868.10,249.54,2017.64,52.78
6,1006,1219.71,1803.97,167.67,203.29,0,600,1966.68,-9%,1.20,0.85,1036.75,266.28,1903.03,99.06
6,907,1650.17,1737.86,151.17,275.03,0,600,2248.13,-29%,1.20,0.85,1402.64,248.46,2251.10,513.24
9,816,1171.81,1780.58,90.67,130.20,0,900,740.79,58%,1.20,0.85,996.04,232.08,2128.12,347.54
7,1006,1181.33,2279.82,143.71,168.76,0,700,1632.92,28%,1.20,0.85,1004.13,266.28,1970.41,-309.41
6,835,1404.28,1765.79,139.17,234.05,0,600,1896.57,-7%,1.20,0.85,1193.64,235.50,2029.14,263.35
12,528,2476.41,1662.88,44.00,206.37,0,1200,2170.27,-31%,1.00,0.85,2104.95,150.20,3455.15,1792.27
4,69,2321.49,322,17.25,580.37,0,400,1824.46,-467%,1.00,0.85,1973.27,40.02,2413.29,2091.29
11,1179,31.36,1550.55,107.18,2.85,0,1100,-2400.82,255%,1.20,1.00,31.36,297.42,1428.78,-121.77
13,756,954.4,1793.07,58.15,73.42,0,1300,-1784.81,200%,1.20,1.00,954.40,221.28,2475.68,682.61
1,123,2076.65,1171.68,123.00,2076.65,0,100,451.96,61%,1.20,0.85,1765.15,75.67,1940.82,769.14
3,1162,2152.66,1434.71,387.33,717.55,0,300,3367.75,-135%,1.20,0.85,1829.76,294.36,2424.12,989.41
1,822,2170.53,1374.91,822.00,2170.53,0,100,1971.20,-43%,1.20,0.85,1844.95,233.16,2178.11,803.20
11,558,1549.86,1823.47,50.73,140.90,0,1100,704.95,61%,1.20,0.85,1317.38,185.64,2603.02,779.55
2,753,1111.16,1353.87,376.50,555.58,0,200,1725.69,-27%,1.20,0.85,944.49,220.74,1365.23,11.36
10,224,407.51,794.7,22.40,40.75,0,1000,-512.44,164%,1.00,1.00,407.51,85.28,1492.79,698.09
6,383,462.79,800.3,63.83,77.13,0,600,592.57,26%,1.20,1.00,462.79,144.31,1207.10,406.80
8,1005,1391.37,1987.39,125.63,173.92,0,800,1563.14,21%,1.20,0.85,1182.66,266.10,2248.76,261.37
10,1145,311.43,1366.61,114.50,31.14,0,1000,-1106.04,181%,1.20,1.00,311.43,291.30,1602.73,236.12
5,1004,2367.63,1743.85,200.80,473.53,620.21,500,3142.89,-80%,1.20,0.85,2012.49,265.92,3398.62,1654.77
5,873,1402.35,1676.79,174.60,280.47,620.21,500,2092.51,-25%,1.20,0.85,1192.00,242.34,2554.55,877.76
2,165,1813.32,1273.45,82.50,906.66,0,200,912.33,28%,1.20,0.85,1541.32,86.76,1828.08,554.63
5,1076,190.33,879.65,215.20,38.07,620.21,500,1396.04,-59%,1.20,1.00,190.33,278.88,1589.42,709.77
12,986,2390.92,1760,82.17,199.24,0,1200,1643.89,7%,1.20,0.85,2032.28,262.68,3494.96,1734.96
7,948,657.17,1578.97,135.43,93.88,0,700,910.53,42%,1.20,0.85,558.59,255.84,1514.43,-64.54
3,429,2400.13,1411.95,143.00,800.04,0,300,1794.27,-27%,1.20,0.85,2040.11,156.46,2496.57,1084.62
4,362,646.43,788.53,90.50,161.61,0,400,925.15,-17%,1.20,0.85,549.47,138.77,1088.23,299.70
2,622,1871.56,1494.23,311.00,935.78,0,200,1665.34,-11%,1.20,0.85,1590.83,197.16,1987.99,493.76
1,140,255.99,150.34,140.00,255.99,0,100,248.69,-65%,1.20,0.85,217.59,80.16,397.75,247.41
8,123,612.55,851.24,15.38,76.57,0,800,531.19,38%,1.00,1.00,612.55,63.06,1475.61,624.37
4,87,2463.92,1413.52,21.75,615.98,0,400,1906.60,-35%,1.00,0.85,2094.33,50.46,2544.79,1131.27
10,164,1144.9,1516.43,16.40,114.49,0,1000,834.08,45%,1.00,0.85,973.17,72.08,2045.25,528.82
1,989,2196.84,1439.17,989.00,2196.84,0,100,2512.56,-75%,1.20,0.85,1867.31,263.22,2230.53,791.36
4,470,1968.63,1501.1,117.50,492.16,0,400,1887.86,-26%,1.20,0.85,1673.34,167.28,2240.62,739.52
1,37,1397.17,1092.94,37.00,1397.17,0,100,296.48,73%,1.00,0.85,1187.59,21.46,1309.05,216.11
8,488,439.7,1030.13,61.00,54.96,0,800,35.33,97%,1.20,1.00,439.70,172.03,1411.73,381.60
12,757,897.4,1780.07,63.08,74.78,0,1200,-1260.93,171%,1.20,1.00,897.40,221.46,2318.86,538.79
14,958,1727.76,2065.16,68.43,123.41,0,1400,-903.51,144%,1.20,0.85,1468.60,257.64,3126.24,1061.08
2,456,2390.7,1342.39,228.00,1195.35,0,200,1470.59,-10%,1.20,0.85,2032.10,163.58,2395.68,1053.29
5,733,41.18,771.83,146.60,8.24,620.21,500,665.21,14%,1.20,1.00,41.18,217.14,1378.53,606.70
5,291,1279.7,1477.12,58.20,255.94,620.21,500,1388.86,6%,1.20,0.85,1087.75,120.02,2327.98,850.86
10,478,2091.79,1568.41,47.80,209.18,0,1000,2002.42,-28%,1.00,0.85,1778.02,141.16,2919.18,1350.77
8,817,1455.73,1847.26,102.13,181.97,0,800,1492.35,19%,1.20,0.85,1237.37,232.26,2269.63,422.37
6,1043,1404.35,1807.42,173.83,234.06,0,600,2224.64,-23%,1.20,0.85,1193.70,272.94,2066.64,259.22
2,958,1855.58,1549.54,479.00,927.79,0,200,2528.28,-63%,1.20,0.85,1577.24,257.64,2034.88,485.34
9,524,474.75,935.4,58.22,52.75,0,900,-308.78,133%,1.20,1.00,474.75,179.52,1554.27,618.87
6,45,81.59,522.58,7.50,13.60,0,600,289.83,45%,1.00,1.00,81.59,26.10,707.69,185.11
8,342,2259.06,1502.02,42.75,282.38,0,800,2510.97,-67%,1.00,0.85,1920.20,111.24,2831.44,1329.42
12,379,1897.29,1682.98,31.58,158.11,0,1200,1264.40,25%,1.00,0.85,1612.70,119.38,2932.08,1249.10
6,333,1254.68,1585.02,55.50,209.11,0,600,1392.65,12%,1.20,0.85,1066.48,131.11,1797.59,212.57
2,634,1739.81,1490.51,317.00,869.91,0,200,1653.18,-11%,1.20,0.85,1478.84,199.32,1878.16,387.65
5,285,974.73,1282.84,57.00,194.95,620.21,500,1136.17,11%,1.20,0.85,828.52,118.44,2067.17,784.33
12,33,1249.13,1707.38,2.75,104.09,0,1200,739.08,57%,1.00,0.85,1061.76,19.14,2280.90,573.52
9,118,1285.82,1539.77,13.11,142.87,0,900,1323.85,14%,1.00,0.85,1092.95,61.96,2054.91,515.14
1,420,2273.6,1220.35,420.00,2273.60,0,100,962.64,21%,1.20,0.85,1932.56,154.08,2186.64,966.29
11,312,2072.39,1586.22,28.36,188.40,0,1100,1968.95,-24%,1.00,0.85,1761.53,104.64,2966.17,1379.95
10,753,2054.02,1779.08,75.30,205.40,0,1000,1805.65,-1%,1.20,0.85,1745.92,220.74,2966.66,1187.58
5,125,96.38,570.99,25.00,19.28,620.21,500,376.37,34%,1.00,1.00,96.38,63.50,1280.09,709.10
6,597,888.84,1395.65,99.50,148.14,0,600,1126.36,19%,1.20,0.85,755.51,192.66,1548.17,152.52
12,1065,203.2,1408.25,88.75,16.93,0,1200,-2897.30,306%,1.20,1.00,203.20,276.90,1680.10,271.85
1,214,540.03,402.81,214.00,540.03,0,100,395.89,2%,1.20,0.85,459.03,99.70,658.72,255.91
11,886,922.66,1852.24,80.55,83.88,0,1100,-678.96,137%,1.20,1.00,922.66,244.68,2267.34,415.10
10,621,978.73,1656.28,62.10,97.87,0,1000,43.01,97%,1.20,0.85,831.92,196.98,2028.90,372.62
4,1000,2355.34,1699.56,250.00,588.84,0,400,3084.12,-81%,1.20,0.85,2002.04,265.20,2667.24,967.68
13,534,1765.96,1881.36,41.08,135.84,0,1300,331.12,82%,1.00,0.85,1501.07,151.10,2952.17,1070.81
6,475,1800.71,1671.23,79.17,300.12,0,600,1965.46,-18%,1.20,0.85,1530.60,168.60,2299.20,627.97
11,623,2265.21,1739.18,56.64,205.93,0,1100,1948.63,-12%,1.20,0.85,1925.43,197.34,3222.77,1483.59
1,620,973.91,1112.02,620.00,973.91,0,100,1249.33,-12%,1.20,0.85,827.82,196.80,1124.62,12.60
13,1004,1757.75,1960.67,77.23,135.21,0,1300,-222.60,111%,1.20,0.85,1494.09,265.92,3060.01,1099.34
8,962,1929.63,1897.19,120.25,241.20,0,800,2248.15,-18%,1.20,0.85,1640.19,258.36,2698.55,801.36
14,516,1464.67,1842.1,36.86,104.62,0,1400,-834.54,145%,1.00,0.85,1244.97,148.40,2793.37,951.27
11,685,2272.75,1873.94,62.27,206.61,0,1100,1917.97,-2%,1.20,0.85,1931.84,208.50,3240.34,1366.40
3,307,266.21,540.97,102.33,88.74,0,300,641.02,-18%,1.20,1.00,266.21,124.25,690.46,149.49
3,375,1346.21,1339.93,125.00,448.74,0,300,1261.01,6%,1.20,0.85,1144.28,142.20,1586.48,246.55
4,1124,2177.18,1567.43,281.00,544.30,0,400,3294.64,-110%,1.20,0.85,1850.60,287.52,2538.12,970.69
3,779,2110.9,1520.73,259.67,703.63,0,300,2309.64,-52%,1.20,0.85,1794.27,225.42,2319.69,798.96
8,1173,671.25,1419.34,146.63,83.91,0,800,759.32,47%,1.20,1.00,671.25,296.34,1767.59,348.25
14,47,1667.14,1745.18,3.36,119.08,0,1400,893.60,49%,1.00,0.85,1417.07,27.26,2844.33,1099.15
3,981,2008.83,1539.47,327.00,669.61,0,300,2764.14,-80%,1.20,0.85,1707.51,261.78,2269.29,729.82
5,516,1450.67,1547.5,103.20,290.13,620.21,500,1663.37,-7%,1.20,0.85,1233.07,178.08,2531.36,983.86
6,471,332.51,872.19,78.50,55.42,0,600,476.84,45%,1.20,1.00,332.51,167.54,1100.05,227.86
2,941,1565.77,1432.79,470.50,782.89,0,200,2384.19,-66%,1.20,0.85,1330.90,254.58,1785.48,352.69
10,377,301.96,837.36,37.70,30.20,0,1000,-909.07,209%,1.00,1.00,301.96,118.94,1420.90,583.54
7,273,285.83,793.58,39.00,40.83,0,700,204.19,74%,1.00,1.00,285.83,96.06,1081.89,288.31
1,458,834.7,737.28,458.00,834.70,0,100,864.57,-17%,1.20,0.85,709.50,164.11,973.61,236.33
11,772,932.31,1575.52,70.18,84.76,0,1100,-615.53,139%,1.20,1.00,932.31,224.16,2256.47,680.95
11,36,1541.47,1593.24,3.27,140.13,0,1100,1547.39,3%,1.00,0.85,1310.25,20.88,2431.13,837.89
12,211,1048.29,1579.73,17.58,87.36,0,1200,-97.03,106%,1.00,1.00,1048.29,82.42,2330.71,750.98
7,987,2164.1,1839.67,141.00,309.16,0,700,2770.76,-51%,1.20,0.85,1839.49,262.86,2802.35,962.68
9,662,2275.59,1599.27,73.56,252.84,0,900,2381.55,-49%,1.20,0.85,1934.25,204.36,3038.61,1439.34
12,96,1164.37,1553.21,8.00,97.03,0,1200,407.92,74%,1.00,0.85,989.71,55.68,2245.39,692.18
5,569,1856.7,1623.81,113.80,371.34,620.21,500,2042.26,-26%,1.20,0.85,1578.20,187.62,2886.03,1262.22
12,128,477.17,874.99,10.67,39.76,0,1200,-1064.08,222%,1.00,1.00,477.17,64.16,1741.33,866.34
4,886,2401.28,1698,221.50,600.32,0,400,2846.79,-68%,1.20,0.85,2041.09,244.68,2685.77,987.77
13,19,807.27,1331.53,1.46,62.10,0,1300,-532.01,140%,1.00,1.00,807.27,11.02,2118.29,786.76
8,275,2347.09,1454.47,34.38,293.39,0,800,2658.82,-83%,1.00,0.85,1995.03,96.50,2891.53,1437.06
9,963,588.5,1434.42,107.00,65.39,0,900,-115.33,108%,1.20,1.00,588.50,258.54,1747.04,312.62
14,1056,2489.69,1894.16,75.43,177.84,0,1400,804.76,58%,1.20,0.85,2116.24,275.28,3791.52,1897.36
5,728,423.16,947.72,145.60,84.63,620.21,500,1009.86,-7%,1.20,1.00,423.16,216.24,1759.61,811.89
4,286,1063.49,418.17,71.50,265.87,0,400,1152.84,-176%,1.20,0.85,903.97,118.70,1422.67,1004.50
11,332,1352.48,1663.39,30.18,122.95,0,1100,633.36,62%,1.00,0.85,1149.61,109.04,2358.65,695.26
12,49,1118.38,1494.81,4.08,93.20,0,1200,436.05,71%,1.00,0.85,950.62,28.42,2179.04,684.23
2,18,2503.46,1206.95,9.00,1251.73,0,200,934.06,23%,1.00,0.85,2127.94,10.44,2338.38,1131.43
14,592,1268.36,1930.24,42.29,90.60,0,1400,-1453.45,175%,1.00,0.85,1078.11,159.80,2637.91,707.67
3,892,171.32,875.39,297.33,57.11,0,300,1553.28,-77%,1.20,1.00,171.32,245.76,717.08,-158.31
11,741,1872.39,1847.08,67.36,170.22,0,1100,1157.01,37%,1.20,0.85,1591.53,218.58,2910.11,1063.03
14,807,2358.41,1819.41,57.64,168.46,0,1400,754.13,59%,1.20,0.85,2004.65,230.46,3635.11,1815.70
5,873,1584.53,1796.7,174.60,316.91,620.21,500,2246.48,-25%,1.20,0.85,1346.85,242.34,2709.40,912.70
3,1159,2209.44,1434.84,386.33,736.48,0,300,3385.45,-136%,1.20,0.85,1878.02,293.82,2471.84,1037.00
11,920,1338.65,1871.27,83.64,121.70,0,1100,103.96,94%,1.20,0.85,1137.85,250.80,2488.65,617.38
1,388,390.7,332.06,388.00,390.70,0,100,648.29,-95%,1.20,0.85,332.10,145.63,577.73,245.67
9,576,1059.79,1547.5,64.00,117.75,0,900,577.44,63%,1.20,0.85,900.82,188.88,1989.70,442.20
9,524,2367.12,1640.78,58.22,263.01,0,900,2540.79,-55%,1.20,0.85,2012.05,179.52,3091.57,1450.79
10,459,2183.11,1559.59,45.90,218.31,0,1000,2166.72,-39%,1.00,0.85,1855.64,136.98,2992.62,1433.03
4,725,588.9,1097.95,181.25,147.23,0,400,1325.22,-21%,1.20,0.85,500.57,215.70,1116.27,18.31
1,992,958.87,1222.41,992.00,958.87,0,100,2318.52,-90%,1.20,0.85,815.04,263.76,1178.80,-43.61
10,536,2194.42,1615.13,53.60,219.44,0,1000,2125.87,-32%,1.20,0.85,1865.26,181.68,3046.94,1431.81
11,1126,1593.03,2143.74,102.36,144.82,0,1100,608.61,72%,1.20,0.85,1354.08,287.88,2741.96,598.22
10,314,1098.8,1539.1,31.40,109.88,0,1000,534.01,65%,1.00,0.85,933.98,105.08,2039.06,499.96
1,9,2246.28,1120.22,9.00,2246.28,0,100,326.77,71%,1.00,0.85,1909.34,5.22,2014.56,894.34
11,706,1508.23,2030.59,64.18,137.11,0,1100,505.57,75%,1.20,0.85,1282.00,212.28,2594.28,563.69
10,976,2166.02,1775.03,97.60,216.60,0,1000,2018.12,-14%,1.20,0.85,1841.12,260.88,3102.00,1326.97
5,1028,653.19,1313.95,205.60,130.64,620.21,500,1726.58,-31%,1.20,0.85,555.21,270.24,1945.66,631.71
8,1166,99.47,1149.07,145.75,12.43,0,800,-83.80,107%,1.20,1.00,99.47,295.08,1194.55,45.48
12,882,1958.14,1944.88,73.50,163.18,0,1200,816.57,58%,1.20,0.85,1664.42,243.96,3108.38,1163.50
11,448,732.79,1090.35,40.73,66.62,0,1100,-689.93,163%,1.00,1.00,732.79,134.56,1967.35,877.00
7,623,1691.39,1800.86,89.00,241.63,0,700,1876.94,-4%,1.20,0.85,1437.68,197.34,2335.02,534.16
3,127,293.49,303.2,42.33,97.83,0,300,525.38,-73%,1.00,0.85,249.47,63.94,613.41,310.21
12,218,486.02,1005.67,18.17,40.50,0,1200,-1258.74,225%,1.00,1.00,486.02,83.96,1769.98,764.31
3,1166,530.44,785.59,388.67,176.81,0,300,2509.00,-219%,1.20,0.85,450.87,295.08,1045.95,260.36
11,17,550.58,830.07,1.55,50.05,0,1100,-224.40,127%,1.00,1.00,550.58,9.86,1660.44,830.37
9,696,1749.97,1649.49,77.33,194.44,0,900,1604.37,3%,1.20,0.85,1487.47,210.48,2597.95,948.46
4,305,125.79,664.43,76.25,31.45,0,400,518.77,22%,1.20,1.00,125.79,123.72,649.51,-14.92
12,104,1300.05,1779.92,8.67,108.34,0,1200,659.06,63%,1.00,0.85,1105.04,58.88,2363.92,584.00
1,303,931.53,857.42,303.00,931.53,0,100,595.60,31%,1.20,0.85,791.80,123.19,1014.99,157.57
8,1012,2390.84,1732.12,126.50,298.86,0,800,2912.36,-68%,1.20,0.85,2032.21,267.36,3099.57,1367.45
9,938,2224.29,1913.87,104.22,247.14,0,900,2390.85,-25%,1.20,0.85,1890.65,254.04,3044.69,1130.82
3,471,288.19,535.67,157.00,96.06,0,300,840.42,-57%,1.20,0.85,244.96,167.54,712.51,176.84
5,72,977.67,1156.55,14.40,195.53,620.21,500,1134.42,2%,1.00,0.85,831.02,41.76,1992.99,836.44
10,160,2272.56,1642.15,16.00,227.26,0,1000,2676.33,-63%,1.00,0.85,1931.68,71.20,3002.88,1360.73
10,965,1851.28,1805.77,96.50,185.13,0,1000,1487.48,18%,1.20,0.85,1573.59,258.90,2832.49,1026.72
3,266,2178.16,1447.95,88.67,726.05,0,300,1507.74,-4%,1.20,0.85,1851.44,113.42,2264.86,816.91
12,734,2491.82,1792.31,61.17,207.65,0,1200,1976.86,-10%,1.20,0.85,2118.05,217.32,3535.37,1743.06
12,64,1641.01,1710.72,5.33,136.75,0,1200,1434.17,16%,1.00,0.85,1394.86,37.12,2631.98,921.26
9,497,1845.08,1674.09,55.22,205.01,0,900,1790.68,-7%,1.20,0.85,1568.32,174.41,2642.73,968.64
3,781,1801.38,1586.21,260.33,600.46,0,300,2170.44,-37%,1.20,0.85,1531.17,225.78,2056.95,470.74
3,158,1070.74,1183.16,52.67,356.91,0,300,931.14,21%,1.20,0.85,910.13,84.91,1295.04,111.88
3,1096,200.27,802.96,365.33,66.76,0,300,2103.43,-162%,1.20,1.00,200.27,282.48,782.75,-20.21
11,1116,2067.8,1987.44,101.45,187.98,0,1100,1491.74,25%,1.20,0.85,1757.63,286.08,3143.71,1156.27
10,831,39.86,982.64,83.10,3.99,0,1000,-1677.81,271%,1.20,1.00,39.86,234.78,1274.64,292.00
14,124,1064.64,1761.68,8.86,76.05,0,1400,-753.95,143%,1.00,1.00,1064.64,63.28,2527.92,766.24
4,10,1262.73,1261.41,2.50,315.68,0,400,1198.98,5%,1.00,0.85,1073.32,5.80,1479.12,217.71
5,955,106.86,897.78,191.00,21.37,620.21,500,1075.52,-20%,1.20,1.00,106.86,257.10,1484.17,586.39
7,1176,2489.13,1921.16,168.00,355.59,0,700,3458.63,-80%,1.20,0.85,2115.76,296.88,3112.64,1191.48
6,803,465.6,1012,133.83,77.60,0,600,871.30,14%,1.20,1.00,465.60,229.74,1295.34,283.34
9,868,62.12,1022.81,96.44,6.90,0,900,-1005.03,198%,1.20,1.00,62.12,241.44,1203.56,180.75
1,181,128.05,225.12,181.00,128.05,0,100,275.14,-22%,1.20,0.85,108.84,90.98,299.83,74.71
3,70,631.88,564.16,23.33,210.63,0,300,672.55,-19%,1.00,0.85,537.10,40.60,877.70,313.54
8,1090,419.76,1189.47,136.25,52.47,0,800,287.46,76%,1.20,1.00,419.76,281.40,1501.16,311.69
14,1184,2269.89,1943.24,84.57,162.14,0,1400,217.07,89%,1.20,0.85,1929.41,298.32,3627.73,1684.49
1,735,1676.9,1365.21,735.00,1676.90,0,100,1658.23,-21%,1.20,0.85,1425.37,217.50,1742.87,377.66
2,547,119.09,509.52,273.50,59.55,0,200,914.03,-79%,1.20,1.00,119.09,183.66,502.75,-6.77
11,265,218.66,949.34,24.09,19.88,0,1100,-1376.04,245%,1.00,1.00,218.66,94.30,1412.96,463.62
10,223,886.32,1305.54,22.30,88.63,0,1000,305.55,77%,1.00,1.00,886.32,85.06,1971.38,665.84
12,959,1947.82,1833.24,79.92,162.32,0,1200,763.30,58%,1.20,0.85,1655.65,257.82,3113.47,1280.23
11,498,1578.39,1793.52,45.27,143.49,0,1100,822.08,54%,1.00,0.85,1341.63,145.56,2587.19,793.67
14,127,988.4,1688.9,9.07,70.60,0,1400,-942.83,156%,1.00,1.00,988.40,63.94,2452.34,763.44
3,621,214.08,779.66,207.00,71.36,0,300,1027.37,-32%,1.20,1.00,214.08,196.98,711.06,-68.60
6,1193,2241.5,1839.47,198.83,373.58,0,600,3380.31,-84%,1.20,0.85,1905.28,299.94,2805.22,965.75
4,448,2055.97,1497.46,112.00,513.99,0,400,1916.07,-28%,1.20,0.85,1747.57,161.47,2309.05,811.59
8,466,2064.63,1558.12,58.25,258.08,0,800,2221.82,-43%,1.20,0.85,1754.94,166.22,2721.16,1163.04
12,229,1216.16,1696.65,19.08,101.35,0,1200,201.47,88%,1.00,0.85,1033.74,86.38,2320.12,623.47
13,658,559.48,1573.12,50.62,43.04,0,1300,-2538.79,261%,1.20,1.00,559.48,203.64,2063.12,490.00
13,1034,2477.98,1842.24,79.54,190.61,0,1300,1334.29,28%,1.20,0.85,2106.28,271.32,3677.60,1835.36
4,842,2464.29,1611.66,210.50,616.07,0,400,2790.89,-73%,1.20,0.85,2094.65,236.76,2731.41,1119.75
13,837,1218.93,1921.68,64.38,93.76,0,1300,-1285.02,167%,1.20,0.85,1036.09,235.86,2571.95,650.27
11,927,1306.37,1804.68,84.27,118.76,0,1100,42.12,98%,1.20,0.85,1110.41,252.06,2462.47,657.79
4,1047,1657.68,1605.84,261.75,414.42,0,400,2747.02,-71%,1.20,0.85,1409.03,273.66,2082.69,476.85
4,262,1681.28,1435.34,65.50,420.32,0,400,1529.62,-7%,1.20,0.85,1429.09,112.37,1941.46,506.12
7,1126,1103.75,2014.72,160.86,157.68,0,700,1721.67,15%,1.20,0.85,938.19,287.88,1926.07,-88.65
5,781,672.91,1125.36,156.20,134.58,620.21,500,1308.29,-16%,1.20,0.85,571.97,225.78,1917.96,792.60
5,831,591.65,1090.31,166.20,118.33,620.21,500,1311.44,-20%,1.20,0.85,502.90,234.78,1857.89,767.58
7,1089,1026.25,2132.85,155.57,146.61,0,700,1565.71,27%,1.20,0.85,872.31,281.22,1853.53,-279.32
1,793,2171.07,1421.36,793.00,2171.07,0,100,1884.75,-33%,1.20,0.85,1845.41,227.94,2173.35,751.99
9,368,495.12,847.33,40.89,55.01,0,900,-167.82,120%,1.00,1.00,495.12,116.96,1512.08,664.75
6,818,1130.38,1704.06,136.33,188.40,0,600,1593.11,7%,1.20,0.85,960.82,232.44,1793.26,89.20
11,667,1915.95,1732.2,60.64,174.18,0,1100,1282.74,26%,1.20,0.85,1628.56,205.26,2933.82,1201.62
2,267,2116.93,1349.04,133.50,1058.47,0,200,1108.68,18%,1.20,0.85,1799.39,113.69,2113.08,764.04
10,1083,2105.36,1844.58,108.30,210.54,0,1000,1973.04,-7%,1.20,0.85,1789.56,280.14,3069.70,1225.12
13,529,1767.79,2015.18,40.69,135.98,0,1300,343.68,83%,1.00,0.85,1502.62,150.35,2952.97,937.79
9,1155,1346.4,2248.12,128.33,149.60,0,900,1242.53,45%,1.20,0.85,1144.44,293.10,2337.54,89.42
7,1185,1768.01,2072.18,169.29,252.57,0,700,2632.76,-27%,1.20,0.85,1502.81,298.50,2501.31,429.13
5,763,1420.94,1777.14,152.60,284.19,620.21,500,1930.56,-9%,1.20,0.85,1207.80,222.54,2550.55,773.41
7,368,1231.69,1550.04,52.57,175.96,0,700,1301.83,16%,1.20,0.85,1046.94,140.35,1887.29,337.25
6,659,322.1,972.58,109.83,53.68,0,600,574.20,41%,1.20,1.00,322.10,203.82,1125.92,153.34
14,1138,518.18,1696.86,81.29,37.01,0,1400,-3986.86,335%,1.20,1.00,518.18,290.04,2208.22,511.36
6,172,1977.78,1603.89,28.67,329.63,0,600,2098.09,-31%,1.00,0.85,1681.11,73.84,2354.95,751.06
6,628,311.47,903.3,104.67,51.91,0,600,538.94,40%,1.20,1.00,311.47,198.24,1109.71,206.41
2,500,1246.48,1264.53,250.00,623.24,0,200,1232.41,3%,1.20,0.85,1059.51,175.20,1434.71,170.18
8,7,2075.6,1422.12,0.88,259.45,0,800,2579.63,-81%,1.00,0.85,1764.26,4.06,2568.32,1146.20
5,942,2092.87,1696.72,188.40,418.57,620.21,500,2794.50,-65%,1.20,0.85,1778.94,254.76,3153.91,1457.19
12,81,2485.34,1589.65,6.75,207.11,0,1200,3028.78,-91%,1.00,0.85,2112.54,46.98,3359.52,1769.87
4,166,791.52,866.18,41.50,197.88,0,400,917.53,-6%,1.00,0.85,672.79,72.52,1145.31,279.13
3,213,1724.85,1344.71,71.00,574.95,0,300,1268.62,6%,1.20,0.85,1466.12,99.43,1865.55,520.84
11,1004,167.15,1175.65,91.27,15.20,0,1100,-2162.66,284%,1.20,1.00,167.15,265.92,1533.07,357.42
5,116,478.1,624.04,23.20,95.62,620.21,500,708.62,-14%,1.00,0.85,406.39,61.52,1588.12,964.08
13,112,2299.56,1807.67,8.62,176.89,0,1300,2399.75,-33%,1.00,0.85,1954.63,60.64,3315.27,1507.60
1,43,2149.22,1134.47,43.00,2149.22,0,100,359.10,68%,1.00,0.85,1826.84,24.94,1951.78,817.31
2,660,1944.4,1531.2,330.00,972.20,0,200,1770.57,-16%,1.20,0.85,1652.74,204.00,2056.74,525.54
10,888,298.68,1171.54,88.80,29.87,0,1000,-1217.55,204%,1.20,1.00,298.68,245.04,1543.72,372.18
10,860,2380.76,1759.97,86.00,238.08,0,1000,2341.98,-33%,1.20,0.85,2023.65,240.00,3263.65,1503.68
10,1187,1981.09,2013.21,118.70,198.11,0,1000,1844.36,8%,1.20,0.85,1683.93,298.86,2982.79,969.58
12,1139,124.65,1314.3,94.92,10.39,0,1200,-3075.43,334%,1.20,1.00,124.65,290.22,1614.87,300.57
5,966,359.51,927.98,193.20,71.90,620.21,500,1333.04,-44%,1.20,1.00,359.51,259.08,1738.80,810.82
10,796,1352.08,2000.19,79.60,135.21,0,1000,622.16,69%,1.20,0.85,1149.27,228.48,2377.75,377.56
9,72,1281.32,1515.54,8.00,142.37,0,900,1385.78,9%,1.00,0.85,1089.12,41.76,2030.88,515.34
10,215,2440.91,1638.66,21.50,244.09,0,1000,2860.18,-75%,1.00,0.85,2074.77,83.30,3158.07,1519.41
7,671,1297.02,1703.2,95.86,185.29,0,700,1441.86,15%,1.20,0.85,1102.47,205.98,2008.45,305.25
5,230,333.69,538.36,46.00,66.74,620.21,500,579.52,-8%,1.00,1.00,333.69,86.60,1540.50,1002.14
5,467,1243.31,1549.82,93.40,248.66,620.21,500,1452.61,6%,1.20,0.85,1056.81,166.49,2343.51,793.69
13,247,2339.61,1705.9,19.00,179.97,0,1300,2141.91,-26%,1.00,0.85,1988.67,90.34,3379.01,1673.11
14,777,1248.61,1837.25,55.50,89.19,0,1400,-1818.72,199%,1.20,1.00,1248.61,225.06,2873.67,1036.42
11,740,1171.99,902.09,67.27,106.54,0,1100,-144.10,116%,1.20,0.85,996.19,218.40,2314.59,1412.50
6,884,1798.31,1897.87,147.33,299.72,0,600,2362.19,-24%,1.20,0.85,1528.56,244.32,2372.88,475.01
5,789,1853.31,1792.88,157.80,370.66,620.21,500,2328.17,-30%,1.20,0.85,1575.31,227.22,2922.74,1129.86
4,825,874.99,784.52,206.25,218.75,0,400,1709.46,-118%,1.20,0.85,743.74,233.70,1377.44,592.92
2,301,769.23,731.28,150.50,384.62,0,200,765.38,-5%,1.20,0.85,653.85,122.66,976.51,245.23
12,1007,1353.77,1925.32,83.92,112.81,0,1200,-462.89,124%,1.20,0.85,1150.70,266.46,2617.16,691.84
5,865,644.79,1202.46,173.00,128.96,620.21,500,1414.63,-18%,1.20,0.85,548.07,240.90,1909.18,706.72
14,81,1251.97,1682.62,5.79,89.43,0,1400,-179.38,111%,1.00,1.00,1251.97,46.98,2698.95,1016.33
8,1159,2175.27,1752.18,144.88,271.91,0,800,2824.36,-61%,1.20,0.85,1848.98,293.82,2942.80,1190.62
11,496,373.98,1152.99,45.09,34.00,0,1100,-1434.84,224%,1.00,1.00,373.98,145.12,1619.10,466.11
1,752,1632.35,1362.39,752.00,1632.35,0,100,1699.35,-25%,1.20,0.85,1387.50,220.56,1708.06,345.67
5,1014,1853.57,1749.31,202.80,370.71,620.21,500,2745.71,-57%,1.20,0.85,1575.53,267.72,2963.46,1214.15
9,686,145.66,972.95,76.22,16.18,0,900,-884.10,191%,1.20,1.00,145.66,208.68,1254.34,281.39
5,654,1272.89,1724.68,130.80,254.58,620.21,500,1659.57,4%,1.20,0.85,1081.96,202.92,2405.09,680.41
8,621,2391.34,1593.12,77.63,298.92,0,800,2642.46,-66%,1.20,0.85,2032.64,196.98,3029.62,1436.50
9,1080,539.51,1306.91,120.00,59.95,0,900,-110.73,108%,1.20,1.00,539.51,279.60,1719.11,412.20
10,714,269.06,1067.81,71.40,26.91,0,1000,-1238.41,216%,1.20,1.00,269.06,213.72,1482.78,414.97
10,816,1425.64,1872.81,81.60,142.56,0,1000,745.73,60%,1.20,0.85,1211.79,232.08,2443.87,571.06
14,1122,1766.25,2239.35,80.14,126.16,0,1400,-945.20,142%,1.20,0.85,1501.31,287.16,3188.47,949.12
4,1202,1074.87,1501.24,300.50,268.72,0,400,2754.53,-83%,1.20,0.85,913.64,301.56,1615.20,113.96
5,651,1573.3,1682.08,130.20,314.66,620.21,500,1905.90,-13%,1.20,0.85,1337.31,202.38,2659.90,977.82
14,1100,237.69,1265.57,78.57,16.98,0,1400,-4654.68,468%,1.20,1.00,237.69,283.20,1920.89,655.32
14,296,485.68,924.9,21.14,34.69,0,1400,-2633.16,385%,1.00,1.00,485.68,101.12,1986.80,1061.90
1,697,2148.5,1421.07,697.00,2148.50,0,100,1610.71,-13%,1.20,0.85,1826.23,210.66,2136.89,715.82
6,1044,47.46,1133.45,174.00,7.91,0,600,758.04,33%,1.20,1.00,47.46,273.12,920.58,-212.87
12,398,2481.44,1755.18,33.17,206.79,0,1200,2374.45,-35%,1.00,0.85,2109.22,123.56,3432.78,1677.60
3,139,2428.89,1345.66,46.33,809.63,0,300,1498.30,-11%,1.00,0.85,2064.56,66.58,2431.14,1085.48
6,84,852.7,1109.32,14.00,142.12,0,600,1052.03,5%,1.00,0.85,724.80,48.72,1373.52,264.20
2,423,1639.17,1367.64,211.50,819.59,0,200,1216.59,11%,1.20,0.85,1393.29,154.87,1748.17,380.53
11,815,2385.6,1872.44,74.09,216.87,0,1100,2059.93,-10%,1.20,0.85,2027.76,231.90,3359.66,1487.22
6,577,897.74,1257.31,96.17,149.62,0,600,1122.03,11%,1.20,0.85,763.08,189.06,1552.14,294.83
8,200,1508.89,1461.33,25.00,188.61,0,800,1645.20,-13%,1.00,0.85,1282.56,80.00,2162.56,701.23
9,1102,540.6,1455.85,122.44,60.07,0,900,-89.64,106%,1.20,1.00,540.60,283.56,1724.16,268.31
12,508,1970.54,1770.91,42.33,164.21,0,1200,1204.50,32%,1.00,0.85,1674.96,147.20,3022.16,1251.25
13,1024,1712.85,2097.69,78.77,131.76,0,1300,-332.63,116%,1.20,0.85,1455.92,269.52,3025.44,927.75
7,1161,1499.97,1862.45,165.86,214.28,0,700,2266.60,-22%,1.20,0.85,1274.97,294.18,2269.15,406.70
2,730,285.24,624.78,365.00,142.62,0,200,1360.98,-118%,1.20,0.85,242.45,216.60,659.05,34.27
13,996,1809.2,1956.89,76.62,139.17,0,1300,-104.62,105%,1.20,0.85,1537.82,264.48,3102.30,1145.41
5,1160,1901.83,1673.89,232.00,380.37,620.21,500,3123.24,-87%,1.20,0.85,1616.56,294.00,3030.77,1356.88
2,1139,306.43,726.14,569.50,153.22,0,200,2518.38,-247%,1.20,0.85,260.47,290.22,750.69,24.55
14,191,2442.76,1798.47,13.64,174.48,0,1400,2228.75,-24%,1.00,0.85,2076.35,78.02,3554.37,1755.90
7,776,2447.82,1826.93,110.86,349.69,0,700,2843.83,-56%,1.20,0.85,2080.65,224.88,3005.53,1178.60
14,414,1919.7,1918.89,29.57,137.12,0,1400,455.61,76%,1.00,0.85,1631.75,127.08,3158.83,1239.94
7,847,1994.62,1851.7,121.00,284.95,0,700,2401.42,-30%,1.20,0.85,1695.43,237.66,2633.09,781.39
6,924,1227.21,1871.76,154.00,204.54,0,600,1841.19,2%,1.20,0.85,1043.13,251.52,1894.65,22.89
2,933,1589.58,1489.99,466.50,794.79,0,200,2368.75,-59%,1.20,0.85,1351.14,253.14,1804.28,314.29
1,211,958.08,891.9,211.00,958.08,0,100,457.81,49%,1.20,0.85,814.37,98.90,1013.27,121.37
10,773,865.92,1837.11,77.30,86.59,0,1000,-210.02,111%,1.20,1.00,865.92,224.34,2090.26,253.15
3,196,1211.68,1229.87,65.33,403.89,0,300,1023.91,17%,1.20,0.85,1029.93,94.94,1424.87,195.00
14,49,954.02,1480.87,3.50,68.14,0,1400,-774.34,152%,1.00,1.00,954.02,28.42,2382.44,901.57
5,477,655.24,935.38,95.40,131.05,620.21,500,960.27,-3%,1.20,0.85,556.95,169.13,1846.29,910.91
5,828,1606.84,1690.82,165.60,321.37,620.21,500,2188.22,-29%,1.20,0.85,1365.81,234.24,2720.26,1029.44
11,458,1364.29,1649.04,41.64,124.03,0,1100,476.30,71%,1.00,0.85,1159.65,136.76,2396.41,747.37
3,289,1245.67,1279.31,96.33,415.22,0,300,1120.07,12%,1.20,0.85,1058.82,119.50,1478.32,199.01
1,1060,501.67,658.14,1060.00,501.67,0,100,2446.62,-272%,1.20,0.85,426.42,276.00,802.42,144.28
5,1085,2486.43,1664.83,217.00,497.29,620.21,500,3419.66,-105%,1.20,0.85,2113.47,280.50,3514.18,1849.35
4,675,381.48,779.68,168.75,95.37,0,400,1094.81,-40%,1.20,0.85,324.26,206.70,930.96,151.28
8,415,1214.97,1473.75,51.88,151.87,0,800,1120.67,24%,1.20,0.85,1032.72,152.76,1985.48,511.73
6,425,709.75,1114.9,70.83,118.29,0,600,858.00,23%,1.20,0.85,603.29,155.40,1358.69,243.79
7,313,2408.02,1637.65,44.71,344.00,0,700,2631.53,-61%,1.00,0.85,2046.82,104.86,2851.68,1214.03
13,235,426.07,897.26,18.08,32.77,0,1300,-1979.98,321%,1.00,1.00,426.07,87.70,1813.77,916.51
7,635,1406.31,1630.66,90.71,200.90,0,700,1551.21,5%,1.20,0.85,1195.36,199.50,2094.86,464.20
10,1009,2164.22,1889.87,100.90,216.42,0,1000,2029.55,-7%,1.20,0.85,1839.59,266.82,3106.41,1216.54
3,692,450.7,748.57,230.67,150.23,0,300,1288.75,-72%,1.20,0.85,383.10,209.76,892.86,144.29
2,91,1073.76,1013.78,45.50,536.88,0,200,639.74,37%,1.00,0.85,912.70,52.78,1165.48,151.70
8,1187,1045.91,2047.06,148.38,130.74,0,800,1314.02,36%,1.20,0.85,889.02,298.86,1987.88,-59.18
14,600,1120.05,1847.84,42.86,80.00,0,1400,-1822.26,199%,1.00,1.00,1120.05,161.00,2681.05,833.21
5,210,710.49,483.34,42.00,142.10,620.21,500,901.25,-86%,1.00,0.85,603.92,82.20,1806.33,1322.99
12,10,1203.1,1564.9,0.83,100.26,0,1200,708.93,55%,1.00,0.85,1022.64,5.80,2228.44,663.54
1,452,275.05,282.89,452.00,275.05,0,100,745.65,-164%,1.20,0.85,233.79,162.53,496.32,213.43
4,256,2218.74,1476.03,64.00,554.69,0,400,1844.77,-25%,1.20,0.85,1885.93,110.78,2396.71,920.68
8,312,2383.17,1557.27,39.00,297.90,0,800,2682.30,-72%,1.00,0.85,2025.69,104.64,2930.33,1373.06
2,1175,816.2,1237.62,587.50,408.10,0,200,2853.15,-131%,1.20,0.85,693.77,296.70,1190.47,-47.15
11,960,383.64,1248.46,87.27,34.88,0,1100,-1734.45,239%,1.20,1.00,383.64,258.00,1741.64,493.18
6,690,1009.37,1559.83,115.00,168.23,0,600,1327.23,15%,1.20,0.85,857.96,209.40,1667.36,107.53
14,487,579.29,1516.68,34.79,41.38,0,1400,-2883.79,290%,1.00,1.00,579.29,143.14,2122.43,605.75
8,75,315.71,593.83,9.38,39.46,0,800,184.18,69%,1.00,1.00,315.71,43.50,1159.21,565.38
13,360,271.93,1017.64,27.69,20.92,0,1300,-2626.53,358%,1.00,1.00,271.93,115.20,1687.13,669.49
11,708,1871.77,1916.37,64.36,170.16,0,1100,1174.80,39%,1.20,0.85,1591.00,212.64,2903.64,987.27
3,182,347.82,384.77,60.67,115.94,0,300,585.45,-52%,1.20,0.85,295.65,91.25,686.90,302.13
10,683,2442.92,1643.68,68.30,244.29,0,1000,2457.81,-50%,1.20,0.85,2076.48,208.14,3284.62,1640.94
5,392,1264.6,1465.72,78.40,252.92,620.21,500,1421.09,3%,1.20,0.85,1074.91,146.69,2341.81,876.09
10,175,1443.25,1635.5,17.50,144.33,0,1000,1310.31,20%,1.00,0.85,1226.76,74.50,2301.26,665.76
7,577,1959.13,1603.6,82.43,279.88,0,700,2162.09,-35%,1.20,0.85,1665.26,189.06,2554.32,950.72
13,799,951.92,1793.36,61.46,73.22,0,1300,-1841.32,203%,1.20,1.00,951.92,229.02,2480.94,687.58
13,608,370.89,1170.54,46.77,28.53,0,1300,-2886.85,347%,1.00,1.00,370.89,162.20,1833.09,662.55
7,194,202.49,686.23,27.71,28.93,0,700,147.63,78%,1.00,1.00,202.49,78.68,981.17,294.94
13,889,232.72,1394.38,68.38,17.90,0,1300,-3570.05,356%,1.20,1.00,232.72,245.22,1777.94,383.56
7,901,136.8,1222.6,128.71,19.54,0,700,198.84,84%,1.20,1.00,136.80,247.38,1084.18,-138.42
1,698,1525.82,1398.75,698.00,1525.82,0,100,1536.45,-10%,1.20,0.85,1296.95,210.84,1607.79,209.04
9,592,793.55,1235.69,65.78,88.17,0,900,161.05,87%,1.20,1.00,793.55,191.76,1885.31,649.62
14,1015,871.76,1846.41,72.50,62.27,0,1400,-3019.33,264%,1.20,1.00,871.76,267.90,2539.66,693.25
9,524,136.46,848.89,58.22,15.16,0,900,-843.84,199%,1.20,1.00,136.46,179.52,1215.98,367.09
5,781,2114.27,1789.85,156.20,422.85,620.21,500,2525.51,-41%,1.20,0.85,1797.13,225.78,3143.12,1353.27
3,200,58.24,494.63,66.67,19.41,0,300,442.10,11%,1.20,1.00,58.24,96.00,454.24,-40.39
5,503,2335.55,1649.42,100.60,467.11,620.21,500,2349.41,-42%,1.20,0.85,1985.22,175.74,3281.17,1631.75
11,667,2221.67,1872.89,60.64,201.97,0,1100,1837.73,2%,1.20,0.85,1888.42,205.26,3193.68,1320.79
7,336,1843.58,1691.68,48.00,263.37,0,700,2006.26,-19%,1.00,0.85,1567.04,109.92,2376.96,685.28
4,217,1506.46,1455.37,54.25,376.62,0,400,1397.11,4%,1.20,0.85,1280.49,100.49,1780.98,325.61
8,207,1146.93,1479.01,25.88,143.37,0,800,1162.93,21%,1.00,0.85,974.89,81.54,1856.43,377.42
7,690,1807.71,1710.98,98.57,258.24,0,700,2050.00,-20%,1.20,0.85,1536.55,209.40,2445.95,734.97
2,251,1916.43,1285.2,125.50,958.22,0,200,1038.40,19%,1.20,0.85,1628.97,109.46,1938.43,653.23
4,627,956.98,1337.63,156.75,239.25,0,400,1433.62,-7%,1.20,0.85,813.43,198.06,1411.49,73.86
1,432,581.71,448.34,432.00,581.71,0,100,767.57,-71%,1.20,0.85,494.45,157.25,751.70,303.36
4,1194,2250.51,1691.15,298.50,562.63,0,400,3541.35,-109%,1.20,0.85,1912.93,300.12,2613.05,921.90
10,64,455.9,774.64,6.40,45.59,0,1000,-145.74,119%,1.00,1.00,455.90,37.12,1493.02,718.38
8,15,377.85,657.8,1.88,47.23,0,800,350.62,47%,1.00,1.00,377.85,8.70,1186.55,528.75
11,741,1207.39,1878.06,67.36,109.76,0,1100,-78.10,104%,1.20,0.85,1026.28,218.58,2344.86,466.80
8,638,1007.48,1483.06,79.75,125.94,0,800,812.69,45%,1.20,0.85,856.36,200.04,1856.40,373.34
12,965,1700.28,1879.09,80.42,141.69,0,1200,259.57,86%,1.20,0.85,1445.24,258.90,2904.14,1025.05
8,1182,990.07,1840.75,147.75,123.76,0,800,1227.57,33%,1.20,0.85,841.56,297.96,1939.52,98.77
13,1062,869.28,2090.54,81.69,66.87,0,1300,-2242.17,207%,1.20,1.00,869.28,276.36,2445.64,355.10
1,754,1220.47,1346.14,754.00,1220.47,0,100,1640.68,-22%,1.20,0.85,1037.40,220.92,1358.32,12.18
14,767,186.47,1292.77,54.79,13.32,0,1400,-4382.88,439%,1.20,1.00,186.47,223.26,1809.73,516.96
11,775,1752.23,1809.29,70.45,159.29,0,1100,919.00,49%,1.20,0.85,1489.40,224.70,2814.10,1004.81
8,592,1402.98,1561.41,74.00,175.37,0,800,1344.53,14%,1.20,0.85,1192.53,191.76,2184.29,622.88
6,957,727.75,1448.72,159.50,121.29,0,600,1364.42,6%,1.20,0.85,618.59,257.46,1476.05,27.33
9,800,2167.72,1726.51,88.89,240.86,0,900,2242.04,-30%,1.20,0.85,1842.56,229.20,2971.76,1245.25
6,1198,222.6,1107.96,199.67,37.10,0,600,1251.10,-13%,1.20,1.00,222.60,300.84,1123.44,15.48
3,1092,1737.65,1462.01,364.00,579.22,0,300,2947.65,-102%,1.20,0.85,1477.00,281.76,2058.76,596.75
12,958,2499.84,1791.69,79.83,208.32,0,1200,1867.32,-4%,1.20,0.85,2124.86,257.64,3582.50,1790.81
11,955,1282.19,2000.42,86.82,116.56,0,1100,-6.16,100%,1.20,0.85,1089.86,257.10,2446.96,446.54
11,605,1880.69,1711.55,55.00,170.97,0,1100,1267.23,26%,1.20,0.85,1598.59,194.10,2892.69,1181.14
7,670,1558.02,1702.81,95.71,222.57,0,700,1748.01,-3%,1.20,0.85,1324.32,205.80,2230.12,527.31
11,844,1962.77,1787.57,76.73,178.43,0,1100,1281.32,28%,1.20,0.85,1668.35,237.12,3005.47,1217.90
3,718,1158.02,1416.98,239.33,386.01,0,300,1719.02,-21%,1.20,0.85,984.32,214.44,1498.76,81.78
6,323,1477.23,1608.55,53.83,246.21,0,600,1610.07,0%,1.20,0.85,1255.65,128.47,1984.12,375.57
14,616,2374.41,1828.37,44.00,169.60,0,1400,1089.89,40%,1.00,0.85,2018.25,163.40,3581.65,1753.28
8,752,1519.78,1662.92,94.00,189.97,0,800,1543.76,7%,1.20,0.85,1291.81,220.56,2312.37,649.45
1,1166,1423.69,1412.13,1166.00,1423.69,0,100,3031.27,-115%,1.20,0.85,1210.14,295.08,1605.22,193.09
3,1187,1632.14,1451.85,395.67,544.05,0,300,3187.01,-120%,1.20,0.85,1387.32,298.86,1986.18,534.33
3,1013,166.52,711.07,337.67,55.51,0,300,1853.96,-161%,1.20,1.00,166.52,267.54,734.06,22.99
5,741,429.24,951.92,148.20,85.85,620.21,500,1032.69,-8%,1.20,1.00,429.24,218.58,1768.03,816.11
14,467,2176.26,1809.83,33.36,155.45,0,1400,929.31,49%,1.00,0.85,1849.82,138.74,3388.56,1578.73
3,224,358.77,406.36,74.67,119.59,0,300,620.41,-53%,1.20,0.85,304.95,102.34,707.29,300.93
3,712,512.23,751.16,237.33,170.74,0,300,1361.54,-81%,1.20,0.85,435.40,213.36,948.76,197.60
12,218,901.03,1371.86,18.17,75.09,0,1200,-410.67,130%,1.00,1.00,901.03,83.96,2184.99,813.13
6,373,587.38,956.61,62.17,97.90,0,600,721.02,25%,1.20,0.85,499.27,141.67,1240.95,284.34
8,562,2479.33,1478.31,70.25,309.92,0,800,2745.67,-86%,1.20,0.85,2107.43,186.36,3093.79,1615.48
5,132,2387.03,1454.05,26.40,477.41,620.21,500,2212.84,-52%,1.00,0.85,2028.98,65.04,3214.23,1760.18
3,98,871.46,866.05,32.67,290.49,0,300,802.10,7%,1.00,0.85,740.74,56.84,1097.58,231.53
14,545,1206.76,1977.89,38.93,86.20,0,1400,-1505.64,176%,1.00,1.00,1206.76,152.75,2759.51,781.62
1,869,1498.88,1398.94,869.00,1498.88,0,100,2023.32,-45%,1.20,0.85,1274.05,241.62,1615.67,216.73
2,875,393.25,640.56,437.50,196.63,0,200,1765.71,-176%,1.20,0.85,334.26,242.70,776.96,136.40
8,888,2296.07,1718.71,111.00,287.01,0,800,2662.82,-55%,1.20,0.85,1951.66,245.04,2996.70,1277.99
1,716,1396.41,1376.59,716.00,1396.41,0,100,1565.30,-14%,1.20,0.85,1186.95,214.08,1501.03,124.44
8,1025,1031.33,2214.64,128.13,128.92,0,800,1084.71,51%,1.20,0.85,876.63,269.70,1946.33,-268.31
9,1064,2016.76,1810.94,118.22,224.08,0,900,2179.39,-20%,1.20,0.85,1714.25,276.72,2890.97,1080.03
4,463,1963.41,1607.34,115.75,490.85,0,400,1876.73,-17%,1.20,0.85,1668.90,165.43,2234.33,626.99
1,678,1478.57,1370.31,678.00,1478.57,0,100,1476.83,-8%,1.20,0.85,1256.78,207.24,1564.02,193.71
1,436,1358.14,1154.03,436.00,1358.14,0,100,900.63,22%,1.20,0.85,1154.42,158.30,1412.72,258.69
5,586,2135.36,1661.61,117.20,427.07,620.21,500,2279.86,-37%,1.20,0.85,1815.06,190.68,3125.95,1464.34
1,797,126.8,543.18,797.00,126.80,0,100,1531.80,-182%,1.20,0.85,107.78,228.66,436.44,-106.74
14,481,939.99,877.17,34.36,67.14,0,1400,-2003.69,328%,1.00,1.00,939.99,141.82,2481.81,1604.64
7,172,1486.86,1557.94,24.57,212.41,0,700,1671.48,-7%,1.00,0.85,1263.83,73.84,2037.67,479.73
10,1192,23.47,1157.87,119.20,2.35,0,1000,-1595.35,238%,1.20,1.00,23.47,299.76,1323.23,165.36
7,981,658.85,1351.69,140.14,94.12,0,700,953.74,29%,1.20,0.85,560.02,261.78,1521.80,170.11
10,692,1671.71,1701.23,69.20,167.17,0,1000,1184.95,30%,1.20,0.85,1420.95,209.76,2630.71,929.48
13,710,2223.86,1979.83,54.62,171.07,0,1300,1059.17,47%,1.20,0.85,1890.28,213.00,3403.28,1423.45
12,380,1526.79,1787.41,31.67,127.23,0,1200,526.34,71%,1.00,0.85,1297.77,119.60,2617.37,829.96
3,133,1728.5,1373.4,44.33,576.17,0,300,1211.55,12%,1.00,0.85,1469.23,65.26,1834.49,461.09
4,730,799.25,1250.66,182.50,199.81,0,400,1484.33,-19%,1.20,0.85,679.36,216.60,1295.96,45.30
12,1070,1055.51,2030.76,89.17,87.96,0,1200,-1094.09,154%,1.20,1.00,1055.51,277.80,2533.31,502.55
8,1185,554.98,1545.67,148.13,69.37,0,800,608.75,61%,1.20,1.00,554.98,298.50,1653.48,107.81
11,456,2223.72,1600.1,41.45,202.16,0,1100,2040.37,-28%,1.00,0.85,1890.16,136.32,3126.48,1526.38
12,85,1056.43,1466.31,7.08,88.04,0,1200,219.19,85%,1.00,1.00,1056.43,49.30,2305.73,839.42
2,543,103.37,544.12,271.50,51.69,0,200,900.37,-65%,1.20,1.00,103.37,182.94,486.31,-57.81
6,367,1947.68,1606.76,61.17,324.61,0,600,2067.71,-29%,1.20,0.85,1655.53,140.09,2395.62,788.86
1,481,1792.17,1215.84,481.00,1792.17,0,100,1047.35,14%,1.20,0.85,1523.34,170.18,1793.53,577.69
5,233,1862.04,1562.23,46.60,372.41,620.21,500,1833.39,-17%,1.00,0.85,1582.73,87.26,2790.20,1227.97
1,45,1070.22,922.69,45.00,1070.22,0,100,268.35,71%,1.00,0.85,909.69,26.10,1035.79,113.10
5,152,2444.81,1523.75,30.40,488.96,620.21,500,2255.57,-48%,1.00,0.85,2078.09,69.44,3267.74,1743.99
7,344,1242.05,1514.4,49.14,177.44,0,700,1318.49,13%,1.00,0.85,1055.74,111.68,1867.42,353.02
5,320,1584.55,1584.73,64.00,316.91,620.21,500,1644.39,-4%,1.20,0.85,1346.87,127.68,2594.76,1010.03
9,989,378.12,1193.72,109.89,42.01,0,900,-437.81,137%,1.20,1.00,378.12,263.22,1541.34,347.62
10,57,936.89,1237.07,5.70,93.69,0,1000,680.12,45%,1.00,0.85,796.36,33.06,1829.42,592.35
12,342,2253.61,1659.5,28.50,187.80,0,1200,2028.97,-22%,1.00,0.85,1915.57,111.24,3226.81,1567.31
2,983,2109.93,1519.98,491.50,1054.97,0,200,2682.13,-76%,1.20,0.85,1793.44,262.14,2255.58,735.60
10,886,1990.03,1749.93,88.60,199.00,0,1000,1699.89,3%,1.20,0.85,1691.53,244.68,2936.21,1186.28
10,5,836.86,1116.56,0.50,83.69,0,1000,617.40,45%,1.00,1.00,836.86,2.90,1839.76,723.20
3,80,517.54,457.49,26.67,172.51,0,300,619.27,-35%,1.00,0.85,439.91,46.40,786.31,328.82
8,482,1411.49,631.81,60.25,176.44,0,800,1363.58,-116%,1.20,0.85,1199.77,170.45,2170.21,1538.40
4,11,312.01,426.22,2.75,78.00,0,400,578.74,-36%,1.00,1.00,312.01,6.38,718.39,292.17
12,1075,2328.11,1798.38,89.58,194.01,0,1200,1507.80,16%,1.20,0.85,1978.89,278.70,3457.59,1659.21
13,632,268.91,1396.28,48.62,20.69,0,1300,-3157.48,326%,1.00,1.00,268.91,165.80,1734.71,338.43
8,323,46.48,703.45,40.38,5.81,0,800,-437.26,162%,1.00,1.00,46.48,107.06,953.54,250.09
11,527,1550.32,1806.06,47.91,140.94,0,1100,738.16,59%,1.00,0.85,1317.77,150.05,2567.82,761.76
5,948,898.6,1499.68,189.60,179.72,620.21,500,1789.97,-19%,1.20,0.85,763.81,255.84,2139.86,640.18
5,504,1502.63,1628.66,100.80,300.53,620.21,500,1695.39,-4%,1.20,0.85,1277.24,175.92,2573.37,944.71
10,793,1422.29,2007.62,79.30,142.23,0,1000,741.92,63%,1.20,0.85,1208.95,227.94,2436.89,429.27
13,32,232.43,805.12,2.46,17.88,0,1300,-1842.53,329%,1.00,1.00,232.43,18.56,1550.99,745.87
9,768,1815.6,1666.18,85.33,201.73,0,900,1710.14,-3%,1.20,0.85,1543.26,223.44,2666.70,1000.52
9,994,1742.62,1849.58,110.44,193.62,0,900,1705.40,8%,1.20,0.85,1481.23,264.12,2645.35,795.77
1,1105,1432.3,1387.17,1105.00,1432.30,0,100,2805.75,-102%,1.20,0.85,1217.46,284.10,1601.56,214.39
12,178,507.59,907.19,14.83,42.30,0,1200,-1122.30,224%,1.00,1.00,507.59,75.16,1782.75,875.56
10,472,431.95,924.65,47.20,43.20,0,1000,-786.81,185%,1.00,1.00,431.95,139.84,1571.79,647.14
5,716,1111.23,1492.08,143.20,222.25,620.21,500,1601.01,-7%,1.20,0.85,944.55,214.08,2278.84,786.76
3,771,725.67,1166.93,257.00,241.89,0,300,1599.15,-37%,1.20,0.85,616.82,223.98,1140.80,-26.13
13,1054,1131.25,2162.03,81.08,87.02,0,1300,-1645.70,176%,1.20,1.00,1131.25,274.92,2706.17,544.14
10,872,2191.27,1776.62,87.20,219.13,0,1000,2031.79,-14%,1.20,0.85,1862.58,242.16,3104.74,1328.12
12,1077,32.55,1387.43,89.75,2.71,0,1200,-3266.93,335%,1.20,1.00,32.55,279.06,1511.61,124.18
12,211,749.56,1285.23,17.58,62.46,0,1200,-703.14,155%,1.00,1.00,749.56,82.42,2031.98,746.75
4,199,1310.01,1400.57,49.75,327.50,0,400,1265.84,10%,1.00,0.85,1113.51,79.78,1593.29,192.72
2,1029,1702.6,1577.55,514.50,851.30,0,200,2697.08,-71%,1.20,0.85,1447.21,270.42,1917.63,340.08
10,643,2263.77,1685.92,64.30,226.38,0,1000,2180.82,-29%,1.20,0.85,1924.20,200.94,3125.14,1439.22
10,797,1706.73,1724.42,79.70,170.67,0,1000,1221.97,29%,1.20,0.85,1450.72,228.66,2679.38,954.96
12,657,322.5,1113.16,54.75,26.88,0,1200,-2356.62,312%,1.20,1.00,322.50,203.46,1725.96,612.80
8,177,486.06,751.58,22.13,60.76,0,800,300.18,60%,1.00,1.00,486.06,74.94,1361.00,609.42
2,222,456.24,437.4,111.00,228.12,0,200,564.04,-29%,1.20,0.85,387.80,101.81,689.61,252.21
3,555,2342.76,1458.63,185.00,780.92,0,300,1967.61,-35%,1.20,0.85,1991.35,185.10,2476.45,1017.82
2,785,1964.63,1522.76,392.50,982.32,0,200,2079.56,-37%,1.20,0.85,1669.94,226.50,2096.44,573.68
5,104,281.67,464.68,20.80,56.33,620.21,500,542.22,-17%,1.00,1.00,281.67,58.88,1460.76,996.08
1,673,2026.16,1372.83,673.00,2026.16,0,100,1533.54,-12%,1.20,0.85,1722.24,206.34,2028.58,655.75
10,877,1711.12,1897.37,87.70,171.11,0,1000,1231.01,35%,1.20,0.85,1454.45,243.06,2697.51,800.14
1,250,1300.17,1145.33,250.00,1300.17,0,100,561.76,51%,1.20,0.85,1105.14,109.20,1314.34,169.01
1,467,296.49,221.23,467.00,296.49,0,100,779.87,-253%,1.20,0.85,252.02,166.49,518.50,297.27
10,1026,828.82,1865.67,102.60,82.88,0,1000,-248.64,113%,1.20,1.00,828.82,269.88,2098.70,233.03
11,1106,2250.54,2050.62,100.55,204.59,0,1100,1825.00,11%,1.20,0.85,1912.96,284.28,3297.24,1246.62
12,452,816.56,1243.1,37.67,68.05,0,1200,-1036.87,183%,1.00,1.00,816.56,135.44,2152.00,908.90
14,865,2497.16,1885.87,61.79,178.37,0,1400,1002.88,47%,1.20,0.85,2122.59,240.90,3763.49,1877.62
8,107,2450.89,1468.19,13.38,306.36,0,800,2927.72,-99%,1.00,0.85,2083.26,59.54,2942.80,1474.61
8,80,1092.18,1365.73,10.00,136.52,0,800,1224.17,10%,1.00,0.85,928.35,46.40,1774.75,409.02
8,945,766.98,1625.53,118.13,95.87,0,800,634.02,61%,1.20,0.85,651.93,255.30,1707.23,81.70
13,1140,1607.8,2214.64,87.69,123.68,0,1300,-610.30,128%,1.20,0.85,1366.63,290.40,2957.03,742.39
2,636,1438.19,1435.96,318.00,719.10,0,200,1565.14,-9%,1.20,0.85,1222.46,199.68,1622.14,186.18
14,865,1422.11,1921.18,61.79,101.58,0,1400,-1525.43,179%,1.20,0.85,1208.79,240.90,2849.69,928.51
12,482,1710.47,1746.74,40.17,142.54,0,1200,725.69,58%,1.00,0.85,1453.90,142.04,2795.94,1049.20
2,68,756.61,648.53,34.00,378.31,0,200,524.55,19%,1.00,0.85,643.12,39.44,882.56,234.03
14,512,526.84,1306.64,36.57,37.63,0,1400,-3066.32,335%,1.00,1.00,526.84,147.80,2074.64,768.00
14,1001,1647.24,2080,71.50,117.66,0,1400,-1136.62,155%,1.20,0.85,1400.15,265.38,3065.53,985.53
1,547,573.6,616.27,547.00,573.60,0,100,1005.00,-63%,1.20,0.85,487.56,183.66,771.22,154.95
10,5,1338.9,1610.25,0.50,133.89,0,1000,1449.50,10%,1.00,0.85,1138.07,2.90,2140.97,530.72
3,1158,1107.4,1361.3,386.00,369.13,0,300,2814.69,-107%,1.20,0.85,941.29,293.64,1534.93,173.63
1,993,1143.58,1328.85,993.00,1143.58,0,100,2358.98,-78%,1.20,0.85,972.04,263.94,1335.98,7.13
6,378,837.63,1215.96,63.00,139.61,0,600,979.24,19%,1.20,0.85,711.99,142.99,1454.98,239.02
11,1156,2231.86,1988.56,105.09,202.90,0,1100,1813.01,9%,1.20,0.85,1897.08,293.28,3290.36,1301.80
5,1050,882.86,1430.04,210.00,176.57,620.21,500,1981.36,-39%,1.20,0.85,750.43,274.20,2144.84,714.80
8,836,735.52,1606.63,104.50,91.94,0,800,509.04,68%,1.20,0.85,625.19,235.68,1660.87,54.24
11,654,1516.42,1870.43,59.45,137.86,0,1100,557.74,70%,1.20,0.85,1288.96,202.92,2591.88,721.45
8,633,1308.36,1639.12,79.13,163.55,0,800,1221.65,25%,1.20,0.85,1112.11,199.14,2111.25,472.13
12,713,1642.01,1873.19,59.42,136.83,0,1200,303.60,84%,1.20,0.85,1395.71,213.54,2809.25,936.06
5,96,1105.47,1312.16,19.20,221.09,620.21,500,1233.25,6%,1.00,0.85,939.65,55.68,2115.54,803.38
7,1054,576.47,1344.18,150.57,82.35,0,700,950.21,29%,1.20,1.00,576.47,274.92,1551.39,207.21
12,495,1948.13,1831.92,41.25,162.34,0,1200,1178.89,36%,1.00,0.85,1655.91,144.90,3000.81,1168.89
1,1068,2011.28,1421.45,1068.00,2011.28,0,100,2765.87,-95%,1.20,0.85,1709.59,277.44,2087.03,665.58
7,1000,1620.46,1971.23,142.86,231.49,0,700,2153.23,-9%,1.20,0.85,1377.39,265.20,2342.59,371.36
13,855,1798.75,1951.77,65.77,138.37,0,1300,-21.16,101%,1.20,0.85,1528.94,239.10,3068.04,1116.27
8,544,1279.51,1483.77,68.00,159.94,0,800,1178.58,21%,1.20,0.85,1087.58,183.12,2070.70,586.93
11,816,544.99,1077.12,74.18,49.54,0,1100,-1379.48,228%,1.20,1.00,544.99,232.08,1877.07,799.95
5,1080,2383.82,1664.76,216.00,476.76,620.21,500,3326.05,-100%,1.20,0.85,2026.25,279.60,3426.06,1761.30
8,1124,1908.69,1833.27,140.50,238.59,0,800,2415.46,-32%,1.20,0.85,1622.39,287.52,2709.91,876.64
3,29,1632.85,1269.1,9.67,544.28,0,300,1118.28,12%,1.00,0.85,1387.92,16.82,1704.74,435.64
6,470,2235.72,1628.6,78.33,372.62,0,600,2375.42,-46%,1.20,0.85,1900.36,167.28,2667.64,1039.04
7,287,2293.5,1558.09,41.00,327.64,0,700,2513.77,-61%,1.00,0.85,1949.48,99.14,2748.62,1190.53
4,72,1367.29,1302.97,18.00,341.82,0,400,1266.45,3%,1.00,0.85,1162.20,41.76,1603.96,300.99
6,344,233.31,800.18,57.33,38.89,0,600,347.58,57%,1.20,1.00,233.31,134.02,967.33,167.15
8,801,1241.21,1780.65,100.13,155.15,0,800,1190.57,33%,1.20,0.85,1055.03,229.38,2084.41,303.76
5,629,484.34,1029.87,125.80,96.87,620.21,500,946.40,8%,1.20,0.85,411.69,198.42,1730.32,700.45
11,327,961.08,1356.46,29.73,87.37,0,1100,-82.76,106%,1.00,1.00,961.08,107.94,2169.02,812.56
14,94,105.94,1180.63,6.71,7.57,0,1400,-2944.16,349%,1.00,1.00,105.94,54.52,1560.46,379.83
4,1113,2103.82,1695.08,278.25,525.96,0,400,3216.80,-90%,1.20,0.85,1788.25,285.54,2473.79,778.71
14,267,2090.21,1968.4,19.07,149.30,0,1400,1216.17,38%,1.00,0.85,1776.68,94.74,3271.42,1303.02
1,979,1292.54,1313.53,979.00,1292.54,0,100,2340.35,-78%,1.20,0.85,1098.66,261.42,1460.08,146.55
10,625,519.94,1229.41,62.50,51.99,0,1000,-753.25,161%,1.20,1.00,519.94,197.70,1717.64,488.23
14,457,848.61,1492.64,32.64,60.62,0,1400,-2167.69,245%,1.00,1.00,848.61,136.54,2385.15,892.51
11,398,723.39,1154.77,36.18,65.76,0,1100,-637.57,155%,1.00,1.00,723.39,123.56,1946.95,792.18
14,68,438.96,866.76,4.86,31.35,0,1400,-2058.82,338%,1.00,1.00,438.96,39.44,1878.40,1011.64
3,769,2497.93,1587.8,256.33,832.64,0,300,2457.47,-55%,1.20,0.85,2123.24,223.62,2646.86,1059.06
13,694,1054.31,1815.02,53.38,81.10,0,1300,-1480.43,182%,1.20,1.00,1054.31,210.12,2564.43,749.41
12,1088,1977.91,1883.21,90.67,164.83,0,1200,802.26,57%,1.20,0.85,1681.22,281.04,3162.26,1279.05
9,101,950.23,1281.64,11.22,105.58,0,900,847.84,34%,1.00,0.85,807.70,58.22,1765.92,484.28
1,170,2452.85,1209.08,170.00,2452.85,0,100,535.48,56%,1.20,0.85,2084.92,88.08,2273.00,1063.92
12,1135,475.95,1447.39,94.58,39.66,0,1200,-2321.90,260%,1.20,1.00,475.95,289.50,1965.45,518.06
3,1109,2092.26,1436.66,369.67,697.42,0,300,3173.64,-121%,1.20,0.85,1778.42,284.82,2363.24,926.58
7,753,358.13,1084.79,107.57,51.16,0,700,349.73,68%,1.20,1.00,358.13,220.74,1278.87,194.08
2,521,467.19,667.85,260.50,233.60,0,200,1000.91,-50%,1.20,0.85,397.11,178.98,776.09,108.24
12,1003,983.23,1996.18,83.58,81.94,0,1200,-1230.62,162%,1.20,1.00,983.23,265.74,2448.97,452.79
3,269,708.05,799.12,89.67,236.02,0,300,837.93,-5%,1.20,0.85,601.84,114.22,1016.06,216.94
14,646,2418.19,1931.21,46.14,172.73,0,1400,1137.98,41%,1.00,0.85,2055.46,167.90,3623.36,1692.15
14,1153,346.58,1292.93,82.36,24.76,0,1400,-4422.08,442%,1.20,1.00,346.58,292.74,2039.32,746.39
4,18,289.06,380.88,4.50,72.27,0,400,562.29,-48%,1.00,1.00,289.06,10.44,699.50,318.62
13,1167,1074.36,2197.33,89.77,82.64,0,1300,-1814.90,183%,1.20,1.00,1074.36,295.26,2669.62,472.29
1,1113,1536,1403.6,1113.00,1536.00,0,100,2853.82,-103%,1.20,0.85,1305.60,285.54,1691.14,287.54
6,930,1907.95,1788.75,155.00,317.99,0,600,2541.84,-42%,1.20,0.85,1621.76,252.60,2474.36,685.61
5,714,617.72,1164.2,142.80,123.54,620.21,500,1166.49,0%,1.20,0.85,525.06,213.72,1858.99,694.79
7,256,2180.53,1548.87,36.57,311.50,0,700,2400.71,-55%,1.00,0.85,1853.45,92.32,2645.77,1096.90
9,1063,2497.79,1761.94,118.11,277.53,0,900,2896.45,-64%,1.20,0.85,2123.12,276.54,3299.66,1537.72
11,512,2016.19,1710.53,46.55,183.29,0,1100,1603.57,6%,1.00,0.85,1713.76,147.80,2961.56,1251.03
9,463,1024.53,1476.48,51.44,113.84,0,900,577.12,61%,1.20,0.85,870.85,165.43,1936.28,459.80
12,714,2003.23,1829.06,59.50,166.94,0,1200,1027.58,44%,1.20,0.85,1702.75,213.72,3116.47,1287.41
9,1165,1868.79,1945.95,129.44,207.64,0,900,2060.77,-6%,1.20,0.85,1588.47,294.90,2783.37,837.42
1,872,2420.07,1456.34,872.00,2420.07,0,100,2151.76,-48%,1.20,0.85,2057.06,242.16,2399.22,942.88
10,631,1220.71,1730.86,63.10,122.07,0,1000,450.61,74%,1.20,0.85,1037.60,198.78,2236.38,505.52
9,633,888.17,1384.78,70.33,98.69,0,900,297.10,79%,1.20,0.85,754.94,199.14,1854.08,469.30
4,1065,119.34,781.82,266.25,29.84,0,400,1668.61,-113%,1.20,1.00,119.34,276.90,796.24,14.42
12,947,193.05,1225.63,78.92,16.09,0,1200,-2877.10,335%,1.20,1.00,193.05,255.66,1648.71,423.08
4,159,568.58,647,39.75,142.15,0,400,765.70,-18%,1.00,0.85,483.29,70.98,954.27,307.27
1,292,449.83,363.02,292.00,449.83,0,100,496.32,-37%,1.20,0.85,382.36,120.29,602.64,239.62
1,1115,926.13,1192.88,1115.00,926.13,0,100,2740.06,-130%,1.20,0.85,787.21,285.90,1173.11,-19.77
7,1168,667.94,1639.55,166.86,95.42,0,700,1248.41,24%,1.20,0.85,567.75,295.44,1563.19,-76.36
4,348,2047.08,1507.04,87.00,511.77,0,400,1813.23,-20%,1.20,0.85,1740.02,135.07,2275.09,768.05
8,77,1930.98,1485.69,9.63,241.37,0,800,2311.91,-56%,1.00,0.85,1641.33,44.66,2485.99,1000.30
7,1033,1013.03,2119.83,147.57,144.72,0,700,1464.81,31%,1.20,0.85,861.08,271.14,1832.22,-287.61
4,672,1603.52,1612.43,168.00,400.88,0,400,1935.85,-20%,1.20,0.85,1362.99,206.16,1969.15,356.72
4,1191,999.45,1478.93,297.75,249.86,0,400,2668.11,-80%,1.20,0.85,849.53,299.58,1549.11,70.18
8,392,661.27,978.13,49.00,82.66,0,800,378.78,61%,1.00,1.00,661.27,122.24,1583.51,605.38
7,951,584.4,1253.76,135.86,83.49,0,700,822.99,34%,1.20,1.00,584.40,256.38,1540.78,287.02
5,778,2423.47,1643.96,155.60,484.69,620.21,500,2763.42,-68%,1.20,0.85,2059.95,225.24,3405.40,1761.44
11,958,1999.13,1900.18,87.09,181.74,0,1100,1332.94,30%,1.20,0.85,1699.26,257.64,3056.90,1156.72
3,186,1068.31,1152.04,62.00,356.10,0,300,948.95,18%,1.20,0.85,908.06,92.30,1300.37,148.33
5,1116,2460.46,1711.97,223.20,492.09,620.21,500,3473.07,-103%,1.20,0.85,2091.39,286.08,3497.68,1785.71
13,63,107.92,710.25,4.85,8.30,0,1300,-2214.88,412%,1.00,1.00,107.92,36.54,1444.46,734.21
6,170,476.99,600.23,28.33,79.50,0,600,631.86,-5%,1.00,1.00,476.99,73.40,1150.39,550.16
3,870,413.23,795.8,290.00,137.74,0,300,1643.34,-107%,1.20,0.85,351.25,241.80,893.05,97.25
12,852,1957.9,1944.89,71.00,163.16,0,1200,832.64,57%,1.20,0.85,1664.22,238.56,3102.78,1157.89
6,420,386.77,929.16,70.00,64.46,0,600,519.59,44%,1.20,1.00,386.77,154.08,1140.85,211.69
6,668,1922.45,1796.98,111.33,320.41,0,600,2221.58,-24%,1.20,0.85,1634.08,205.44,2439.52,642.54
8,795,1645.99,644.69,99.38,205.75,0,800,1735.82,-169%,1.20,0.85,1399.09,228.30,2427.39,1782.70
4,420,927.74,1238.04,105.00,231.94,0,400,1166.96,6%,1.20,0.85,788.58,154.08,1342.66,104.62
12,1074,2407.71,1843.97,89.50,200.64,0,1200,1666.94,10%,1.20,0.85,2046.55,278.52,3525.07,1681.10
12,916,2394.85,1740.85,76.33,199.57,0,1200,1673.52,4%,1.20,0.85,2035.62,250.08,3485.70,1744.85
4,1075,586.17,1023.65,268.75,146.54,0,400,2051.76,-100%,1.20,0.85,498.24,278.70,1176.94,153.29
5,1143,1217.72,1745.09,228.60,243.54,620.21,500,2491.22,-43%,1.20,0.85,1035.06,290.94,2446.21,701.12
2,719,591.44,755.3,359.50,295.72,0,200,1455.59,-93%,1.20,0.85,502.72,214.62,917.34,162.04
4,197,1858.84,1416.33,49.25,464.71,0,400,1601.54,-13%,1.00,0.85,1580.01,79.34,2059.35,643.02
6,248,395.4,710.15,41.33,65.90,0,600,525.42,26%,1.00,1.00,395.40,90.56,1085.96,375.81
10,834,1820.8,1883.49,83.40,182.08,0,1000,1412.26,25%,1.20,0.85,1547.68,235.32,2783.00,899.51
1,1112,2011.44,1423.85,1112.00,2011.44,0,100,2926.91,-106%,1.20,0.85,1709.72,285.36,2095.08,671.23
12,1189,1453.16,2162.13,99.08,121.10,0,1200,-263.54,112%,1.20,0.85,1235.19,299.22,2734.41,572.28
14,269,1349.61,1832.34,19.21,96.40,0,1400,-507.24,128%,1.00,0.85,1147.17,95.18,2642.35,810.01
7,671,1262.85,1600.42,95.86,180.41,0,700,1401.36,12%,1.20,0.85,1073.42,205.98,1979.40,378.98
9,52,350.58,601.81,5.78,38.95,0,900,12.99,98%,1.00,1.00,350.58,30.16,1280.74,678.93
14,976,1526.58,1995.87,69.71,109.04,0,1400,-1400.87,170%,1.20,0.85,1297.59,260.88,2958.47,962.60
2,370,1554.5,1311.23,185.00,777.25,0,200,1107.49,16%,1.20,0.85,1321.33,140.88,1662.21,350.98
4,1180,1948.55,1565.16,295.00,487.14,0,400,3301.89,-111%,1.20,0.85,1656.27,297.60,2353.87,788.71
5,36,2022.94,1410.58,7.20,404.59,620.21,500,1956.71,-39%,1.00,0.85,1719.50,20.88,2860.59,1450.01
5,691,1030.64,1465.26,138.20,206.13,620.21,500,1498.98,-2%,1.20,0.85,876.04,209.58,2205.83,740.57
8,52,2353.5,1485.05,6.50,294.19,0,800,2868.53,-93%,1.00,0.85,2000.48,30.16,2830.64,1345.59
11,24,2029.04,1569.37,2.18,184.46,0,1100,2444.04,-56%,1.00,0.85,1724.68,13.92,2838.60,1269.23
8,221,936.98,1287,27.63,117.12,0,800,870.12,32%,1.00,0.85,796.43,84.62,1681.05,394.05
1,85,89.83,175.53,85.00,89.83,0,100,155.32,12%,1.20,1.00,89.83,59.16,248.99,73.46
7,803,12.75,1146.78,114.71,1.82,0,700,-50.73,104%,1.20,1.00,12.75,229.74,942.49,-204.29
12,893,910.41,1862.13,74.42,75.87,0,1200,-1334.50,172%,1.20,1.00,910.41,245.94,2356.35,494.22
14,113,1091.13,1703.02,8.07,77.94,0,1400,-657.39,139%,1.00,1.00,1091.13,60.86,2551.99,848.97
5,516,1878.49,669.85,103.20,375.70,620.21,500,2007.60,-200%,1.20,0.85,1596.72,178.08,2895.01,2225.16
14,904,2005.96,1970.01,64.57,143.28,0,1400,-188.26,110%,1.20,0.85,1705.07,247.92,3352.99,1382.98
1,1058,1601.04,1465.9,1058.00,1601.04,0,100,2666.39,-82%,1.20,0.85,1360.88,275.64,1736.52,270.62
14,555,313.73,1201.26,39.64,22.41,0,1400,-3676.81,406%,1.00,1.00,313.73,154.25,1867.98,666.72
7,738,730.28,1429.72,105.43,104.33,0,700,801.18,44%,1.20,0.85,620.74,218.04,1538.78,109.06
8,792,2437.24,1556.7,99.00,304.66,0,800,2774.05,-78%,1.20,0.85,2071.65,227.76,3099.41,1542.71
5,831,432.8,901.36,166.20,86.56,620.21,500,1167.13,-29%,1.20,1.00,432.80,234.78,1787.79,886.43
7,709,320.8,1116.62,101.29,45.83,0,700,274.31,75%,1.20,1.00,320.80,212.82,1233.62,117.00
9,1078,161.85,1260.96,119.78,17.98,0,900,-725.55,158%,1.20,1.00,161.85,279.24,1341.09,80.13
2,616,968.93,1163.1,308.00,484.47,0,200,1366.83,-18%,1.20,0.85,823.59,196.08,1219.67,56.57
2,570,2297.12,1423.86,285.00,1148.56,0,200,1669.44,-17%,1.20,0.85,1952.55,187.80,2340.35,916.49
9,13,986.41,1271.52,1.44,109.60,0,900,1043.70,18%,1.00,0.85,838.45,7.54,1745.99,474.47
7,381,2106.96,1705.27,54.43,300.99,0,700,2293.65,-35%,1.20,0.85,1790.92,143.78,2634.70,929.43
9,460,2424.47,1624.68,51.11,269.39,0,900,2650.88,-63%,1.20,0.85,2060.80,164.64,3125.44,1500.76
4,425,1286.54,1449.26,106.25,321.64,0,400,1409.98,3%,1.20,0.85,1093.56,155.40,1648.96,199.70
11,437,1053.24,1630.47,39.73,95.75,0,1100,-73.66,105%,1.00,0.85,895.25,132.14,2127.39,496.92
9,1000,1901.79,1778.65,111.11,211.31,0,900,1951.36,-10%,1.20,0.85,1616.52,265.20,2781.72,1003.07
1,553,1687.11,1295.34,553.00,1687.11,0,100,1196.44,8%,1.20,0.85,1434.04,184.74,1718.78,423.44
10,5,1094.06,1361.08,0.50,109.41,0,1000,1045.83,23%,1.00,0.85,929.95,2.90,1932.85,571.77
12,931,864.21,1663.58,77.58,72.02,0,1200,-1450.99,187%,1.20,1.00,864.21,252.78,2316.99,653.41
6,436,914.53,1389.11,72.67,152.42,0,600,1071.40,23%,1.20,0.85,777.35,158.30,1535.65,146.54
3,1074,247.32,636.02,358.00,82.44,0,300,2069.57,-225%,1.20,1.00,247.32,278.52,825.84,189.82
9,896,1398.54,1727.1,99.56,155.39,0,900,1119.66,35%,1.20,0.85,1188.76,246.48,2335.24,608.14
1,462,2047.57,1202.9,462.00,2047.57,0,100,1032.08,14%,1.20,0.85,1740.43,165.17,2005.60,802.70
3,665,2418.16,1490.96,221.67,806.05,0,300,2203.14,-48%,1.20,0.85,2055.44,204.90,2560.34,1069.38
11,532,2419.86,1653.69,48.36,219.99,0,1100,2306.74,-39%,1.00,0.85,2056.88,150.80,3307.68,1653.99
9,483,52.64,949.04,53.67,5.85,0,900,-953.25,200%,1.20,1.00,52.64,170.71,1123.35,174.31
12,296,326.83,981.72,24.67,27.24,0,1200,-1756.60,279%,1.00,1.00,326.83,101.12,1627.95,646.23
9,131,1990,1557.2,14.56,221.11,0,900,2332.96,-50%,1.00,0.85,1691.50,64.82,2656.32,1099.12
6,836,2035.17,1718.79,139.33,339.20,0,600,2527.38,-47%,1.20,0.85,1729.89,235.68,2565.57,846.78
10,532,1223.36,1631.49,53.20,122.34,0,1000,518.68,68%,1.20,0.85,1039.86,180.96,2220.82,589.33
14,595,2140.61,1989.13,42.50,152.90,0,1400,588.16,70%,1.00,0.85,1819.52,160.25,3379.77,1390.64
7,623,1894.02,1739.49,89.00,270.57,0,700,2109.27,-21%,1.20,0.85,1609.92,197.34,2507.26,767.77
5,1077,2234.35,1665.23,215.40,446.87,620.21,500,3198.56,-92%,1.20,0.85,1899.20,279.06,3298.47,1633.24
5,579,1018.52,1468.01,115.80,203.70,620.21,500,1361.20,7%,1.20,0.85,865.74,189.42,2175.37,707.36
8,255,1817.19,1510.91,31.88,227.15,0,800,2000.02,-32%,1.00,0.85,1544.61,92.10,2436.71,925.80
8,1009,1378.07,1903.76,126.13,172.26,0,800,1549.13,19%,1.20,0.85,1171.36,266.82,2238.18,334.42
10,87,498.96,781.97,8.70,49.90,0,1000,-116.89,115%,1.00,1.00,498.96,50.46,1549.42,767.45
1,809,1734.56,1447.25,809.00,1734.56,0,100,1877.77,-30%,1.20,0.85,1474.38,230.82,1805.20,357.95
9,1079,1981.94,1763.16,119.89,220.22,0,900,2141.02,-21%,1.20,0.85,1684.65,279.42,2864.07,1100.91
8,1134,1049.84,2073.13,141.75,131.23,0,800,1244.18,40%,1.20,0.85,892.36,289.32,1981.68,-91.45
8,403,654.97,895.14,50.38,81.87,0,800,364.92,59%,1.20,1.00,654.97,149.59,1604.56,709.42
8,534,429.88,916.02,66.75,53.74,0,800,11.83,99%,1.20,1.00,429.88,181.32,1411.20,495.18
13,564,2245.56,1745.09,43.38,172.74,0,1300,1313.55,25%,1.00,0.85,1908.73,155.60,3364.33,1619.24
2,752,958.29,1144.41,376.00,479.15,0,200,1669.21,-46%,1.20,0.85,814.55,220.56,1235.11,90.70
11,293,1410,1673.7,26.64,128.18,0,1100,801.94,52%,1.00,0.85,1198.50,100.46,2398.96,725.26
5,919,470.23,1119.17,183.80,94.05,620.21,500,1348.96,-21%,1.20,0.85,399.70,250.62,1770.53,651.36
5,103,333.22,573.58,20.60,66.64,620.21,500,586.95,-2%,1.00,1.00,333.22,58.66,1512.09,938.51
1,893,19.76,570.71,893.00,19.76,0,100,1783.31,-212%,1.20,1.00,19.76,245.94,365.70,-205.01
12,37,52.65,789.01,3.08,4.39,0,1200,-1702.40,316%,1.00,1.00,52.65,21.46,1274.11,485.10
8,1142,776.74,1827.44,142.75,97.09,0,800,867.48,53%,1.20,0.85,660.23,290.76,1750.99,-76.45
5,332,218.03,801.73,66.40,43.61,620.21,500,499.46,38%,1.20,1.00,218.03,130.85,1469.09,667.36
7,950,1739.62,2032.23,135.71,248.52,0,700,2226.46,-10%,1.20,0.85,1478.68,256.20,2434.88,402.65
9,223,1916.03,1623.73,24.78,212.89,0,900,2112.53,-30%,1.00,0.85,1628.63,85.06,2613.69,989.96
6,522,1210.87,1577.01,87.00,201.81,0,600,1408.46,11%,1.20,0.85,1029.24,179.16,1808.40,231.39
12,46,2077.07,1666.29,3.83,173.09,0,1200,2330.69,-40%,1.00,0.85,1765.51,26.68,2992.19,1325.90
2,252,1545.94,1300.19,126.00,772.97,0,200,941.24,28%,1.20,0.85,1314.05,109.73,1623.78,323.59
14,999,619.42,1510.57,71.36,44.24,0,1400,-3620.93,340%,1.20,1.00,619.42,265.02,2284.44,773.87
13,125,2004.61,1721.56,9.62,154.20,0,1300,1743.17,-1%,1.00,0.85,1703.92,63.50,3067.42,1345.86
9,597,625.99,990.84,66.33,69.55,0,900,-101.92,110%,1.20,1.00,625.99,192.66,1718.65,727.81
3,289,853.79,969.85,96.33,284.60,0,300,929.61,4%,1.20,0.85,725.72,119.50,1145.22,175.37
7,953,1918.24,1833.56,136.14,274.03,0,700,2439.50,-33%,1.20,0.85,1630.50,256.74,2587.24,753.68
4,275,2359.64,1483.58,68.75,589.91,0,400,1937.95,-31%,1.20,0.85,2005.69,115.80,2521.49,1037.91
5,755,1584.41,1729.08,151.00,316.88,620.21,500,2055.28,-19%,1.20,0.85,1346.75,221.10,2688.06,958.98
9,803,880.17,1589.75,89.22,97.80,0,900,284.05,82%,1.20,0.85,748.14,229.74,1877.88,288.13
11,293,285.14,966.87,26.64,25.92,0,1100,-1299.40,234%,1.00,1.00,285.14,100.46,1485.60,518.73
6,164,1460.21,1535.3,27.33,243.37,0,600,1611.88,-5%,1.00,0.85,1241.18,72.08,1913.26,377.96
12,675,2277.93,1807.33,56.25,189.83,0,1200,1609.86,11%,1.20,0.85,1936.24,206.70,3342.94,1535.61
11,859,146.71,1267.98,78.09,13.34,0,1100,-2172.78,271%,1.20,1.00,146.71,239.82,1486.53,218.55
2,296,1878.7,1354,148.00,939.35,0,200,1088.36,20%,1.20,0.85,1596.90,121.34,1918.24,564.24
7,300,2417.85,1634.04,42.86,345.41,0,700,2644.96,-62%,1.00,0.85,2055.17,102.00,2857.17,1223.13
2,1155,1517.18,1543.17,577.50,758.59,0,200,3049.32,-98%,1.20,0.85,1289.60,293.10,1782.70,239.53
5,765,480.48,1038.42,153.00,96.10,620.21,500,1112.21,-7%,1.20,0.85,408.41,222.90,1751.52,713.10
9,1097,2330.2,1728.07,121.89,258.91,0,900,2681.98,-55%,1.20,0.85,1980.67,282.66,3163.33,1435.26
4,422,2049.71,1491.9,105.50,512.43,0,400,1884.60,-26%,1.20,0.85,1742.25,154.61,2296.86,804.96
14,1020,510.33,1406.95,72.86,36.45,0,1400,-3909.76,378%,1.20,1.00,510.33,268.80,2179.13,772.18
4,205,545.57,682.22,51.25,136.39,0,400,765.07,-12%,1.20,0.85,463.73,97.32,961.05,278.83
12,1046,1850.85,1875.72,87.17,154.24,0,1200,547.26,71%,1.20,0.85,1573.22,273.48,3046.70,1170.98
4,1001,739.08,1116.31,250.25,184.77,0,400,1986.12,-78%,1.20,0.85,628.22,265.38,1293.60,177.29
9,938,742.17,1632.1,104.22,82.46,0,900,115.62,93%,1.20,1.00,742.17,254.04,1896.21,264.11
5,351,407.74,883.11,70.20,81.55,620.21,500,673.77,24%,1.20,1.00,407.74,135.86,1663.81,780.70
9,748,653.42,1249.66,83.11,72.60,0,900,-79.10,106%,1.20,1.00,653.42,219.84,1773.26,523.60
13,1186,2462.26,1906.35,91.23,189.40,0,1300,1262.16,34%,1.20,0.85,2092.92,298.68,3691.60,1785.25
6,384,1656.04,1682.33,64.00,276.01,0,600,1793.20,-7%,1.20,0.85,1407.63,144.58,2152.21,469.88
10,150,418.41,844.9,15.00,41.84,0,1000,-370.11,144%,1.00,1.00,418.41,69.00,1487.41,642.51
10,783,158.93,993.55,78.30,15.89,0,1000,-1455.94,247%,1.20,1.00,158.93,226.14,1385.07,391.52
6,372,2494.69,1742.34,62.00,415.78,0,600,2575.44,-48%,1.20,0.85,2120.49,141.41,2861.89,1119.55
10,958,1643.76,1827.18,95.80,164.38,0,1000,1134.47,38%,1.20,0.85,1397.20,257.64,2654.84,827.66
8,34,1225.2,1438.52,4.25,153.15,0,800,1457.07,-1%,1.00,0.85,1041.42,19.72,1861.14,422.62
7,151,2461.93,1516.58,21.57,351.70,0,700,2753.70,-82%,1.00,0.85,2092.64,69.22,2861.86,1345.28
7,150,1379.35,1500.09,21.43,197.05,0,700,1563.95,-4%,1.00,0.85,1172.45,69.00,1941.45,441.36
6,751,2085.98,1757.81,125.17,347.66,0,600,2468.34,-40%,1.20,0.85,1773.08,220.38,2593.46,835.65
7,568,159.12,738.92,81.14,22.73,0,700,12.95,98%,1.20,1.00,159.12,187.44,1046.56,307.64
12,574,2240.9,1785.72,47.83,186.74,0,1200,1649.96,8%,1.00,0.85,1904.77,157.10,3261.87,1476.15
13,36,808.38,1190.16,2.77,62.18,0,1300,-581.03,149%,1.00,1.00,808.38,20.88,2129.26,939.10
14,595,1818.77,1889.9,42.50,129.91,0,1400,-161.27,109%,1.00,0.85,1545.95,160.25,3106.20,1216.30
7,381,2342.27,1705.24,54.43,334.61,0,700,2551.92,-50%,1.20,0.85,1990.93,143.78,2834.71,1129.47
14,174,815.3,1295.14,12.43,58.24,0,1400,-1495.79,215%,1.00,1.00,815.30,74.28,2289.58,994.44
11,226,2013.45,1590.82,20.55,183.04,0,1100,2007.47,-26%,1.00,0.85,1711.43,85.72,2897.15,1306.33
13,137,1505.66,1777.72,10.54,115.82,0,1300,645.42,64%,1.00,0.85,1279.81,66.14,2645.95,868.23
13,774,206.45,1110,59.54,15.88,0,1300,-3502.46,416%,1.20,1.00,206.45,224.52,1730.97,620.97
5,1120,1514.91,1658.97,224.00,302.98,620.21,500,2696.52,-63%,1.20,0.85,1287.67,286.80,2694.68,1035.71
4,862,2335.55,1698.94,215.50,583.89,0,400,2754.48,-62%,1.20,0.85,1985.22,240.36,2625.58,926.64
8,829,1147.89,2004.34,103.63,143.49,0,800,1078.93,46%,1.20,0.85,975.71,234.42,2010.13,5.79
4,380,446.66,764.24,95.00,111.67,0,400,799.91,-5%,1.20,0.85,379.66,143.52,923.18,158.94
9,238,1197.83,1560.78,26.44,133.09,0,900,1037.69,34%,1.00,0.85,1018.16,88.36,2006.52,445.74
13,1199,493,1634.13,92.23,37.92,0,1300,-3150.89,293%,1.20,1.00,493.00,301.02,2094.02,459.89
12,710,1249.41,1921.09,59.17,104.12,0,1200,-491.37,126%,1.20,0.85,1062.00,213.00,2475.00,553.91
14,719,1973.14,1980.99,51.36,140.94,0,1400,-15.34,101%,1.20,0.85,1677.17,214.62,3291.79,1310.80
1,482,1697.08,1198.24,482.00,1697.08,0,100,1038.81,13%,1.20,0.85,1442.52,170.45,1712.97,514.73
9,444,725.31,1062.52,49.33,80.59,0,900,129.49,88%,1.00,1.00,725.31,133.68,1758.99,696.47
11,610,1990.79,1753.56,55.45,180.98,0,1100,1463.30,17%,1.20,0.85,1692.17,195.00,2987.17,1233.61
4,238,1707.28,1483.48,59.50,426.82,0,400,1531.43,-3%,1.20,0.85,1451.19,106.03,1957.22,473.74
2,299,1612.7,1282.8,149.50,806.35,0,200,1021.09,20%,1.20,0.85,1370.80,122.14,1692.93,410.13
10,273,799.9,1155.05,27.30,79.99,0,1000,84.85,93%,1.00,1.00,799.90,96.06,1895.96,740.91
3,154,274.04,406.91,51.33,91.35,0,300,529.64,-30%,1.20,0.85,232.93,83.86,616.79,209.88
7,636,697.02,1276.06,90.86,99.57,0,700,701.98,45%,1.20,0.85,592.47,199.68,1492.15,216.09
2,1038,685.07,962.14,519.00,342.54,0,200,2353.24,-145%,1.20,0.85,582.31,272.04,1054.35,92.21
2,798,2334.41,1485.4,399.00,1167.21,0,200,2217.37,-49%,1.20,0.85,1984.25,228.84,2413.09,927.69
12,601,2166.56,1918.46,50.08,180.55,0,1200,1470.67,23%,1.20,0.85,1841.58,193.38,3234.96,1316.50
6,290,814.04,1077.35,48.33,135.67,0,600,950.49,12%,1.00,0.85,691.93,99.80,1391.73,314.38
8,16,259.02,543.56,2.00,32.38,0,800,186.56,66%,1.00,1.00,259.02,9.28,1068.30,524.74
8,303,1072.44,1453.25,37.88,134.06,0,800,988.48,32%,1.00,0.85,911.57,102.66,1814.23,360.98
11,372,2048.26,1632.61,33.82,186.21,0,1100,1836.27,-12%,1.00,0.85,1741.02,117.84,2958.86,1326.25
3,864,2338.52,1513.04,288.00,779.51,0,300,2612.13,-73%,1.20,0.85,1987.74,240.72,2528.46,1015.42
11,913,2253.41,1758.56,83.00,204.86,0,1100,1800.80,-2%,1.20,0.85,1915.40,249.54,3264.94,1506.38
14,805,834.06,1683.49,57.50,59.58,0,1400,-2858.44,270%,1.20,1.00,834.06,230.10,2464.16,780.67
5,905,2317.31,1691.38,181.00,463.46,620.21,500,2902.58,-72%,1.20,0.85,1969.71,248.10,3338.02,1646.64
10,728,226.53,1060.47,72.80,22.65,0,1000,-1319.12,224%,1.20,1.00,226.53,216.24,1442.77,382.30
4,842,893.25,1324.64,210.50,223.31,0,400,1755.51,-33%,1.20,0.85,759.26,236.76,1396.02,71.38
5,117,953.06,1116.8,23.40,190.61,620.21,500,1105.91,1%,1.00,0.85,810.10,61.74,1992.05,875.25
12,307,957.17,1432.75,25.58,79.76,0,1200,-484.45,134%,1.00,1.00,957.17,103.54,2260.71,827.96
9,51,314.81,704.94,5.67,34.98,0,900,-40.48,106%,1.00,1.00,314.81,29.58,1244.39,539.45
7,1071,841.11,1699.9,153.00,120.16,0,700,1307.87,23%,1.20,0.85,714.94,277.98,1692.92,-6.98
13,922,1510.22,1967.87,70.92,116.17,0,1300,-714.35,136%,1.20,0.85,1283.69,251.16,2834.85,866.98
8,867,2373.39,1747.22,108.38,296.67,0,800,2745.88,-57%,1.20,0.85,2017.38,241.26,3058.64,1311.42
11,1013,1483.3,1952.8,92.09,134.85,0,1100,374.63,81%,1.20,0.85,1260.81,267.54,2628.35,675.55
6,1148,1525.81,1776.48,191.33,254.30,0,600,2556.67,-44%,1.20,0.85,1296.94,291.84,2188.78,412.30
12,158,2195.67,1625.46,13.17,182.97,0,1200,2291.04,-41%,1.00,0.85,1866.32,70.76,3137.08,1511.62
5,1010,2054.21,1810.37,202.00,410.84,620.21,500,2902.73,-60%,1.20,0.85,1746.08,267.00,3133.29,1322.92
1,682,1517.04,1376.04,682.00,1517.04,0,100,1492.88,-8%,1.20,0.85,1289.48,207.96,1597.44,221.40
5,14,78.33,406.7,2.80,15.67,620.21,500,395.90,3%,1.00,1.00,78.33,8.12,1206.66,799.96
6,1203,1900.48,1972.88,200.50,316.75,0,600,3060.82,-55%,1.20,0.85,1615.41,301.74,2517.15,544.27
4,810,1852.31,1575.87,202.50,463.08,0,400,2343.41,-49%,1.20,0.85,1574.46,231.00,2205.46,629.59
3,760,2073.25,1522.45,253.33,691.08,0,300,2250.40,-48%,1.20,0.85,1762.26,222.00,2284.26,761.81
7,868,625.09,1403.48,124.00,89.30,0,700,781.98,44%,1.20,1.00,625.09,241.44,1566.53,163.05
7,205,103.31,683.1,29.29,14.76,0,700,18.98,97%,1.00,1.00,103.31,81.10,884.41,201.31
5,387,1882.35,1588.8,77.40,376.47,620.21,500,1912.72,-20%,1.20,0.85,1600.00,145.37,2865.58,1276.78
11,447,130.07,852.02,40.64,11.82,0,1100,-1839.11,316%,1.00,1.00,130.07,134.34,1364.41,512.39
9,482,1348.44,1633.26,53.56,149.83,0,900,1057.70,35%,1.20,0.85,1146.17,170.45,2216.62,583.36
7,15,2436.67,1459.63,2.14,348.10,0,700,2830.34,-94%,1.00,0.85,2071.17,8.70,2779.87,1320.24
10,955,1182.33,1950.3,95.50,118.23,0,1000,343.45,82%,1.20,0.85,1004.98,257.10,2262.08,311.78
5,41,2314.68,1500.28,8.20,462.94,620.21,500,2169.03,-45%,1.00,0.85,1967.48,23.78,3111.47,1611.19
2,1189,1164.74,1666.52,594.50,582.37,0,200,3038.13,-82%,1.20,0.85,990.03,299.22,1489.25,-177.27
2,762,519.74,752.69,381.00,259.87,0,200,1529.27,-103%,1.20,0.85,441.78,222.36,864.14,111.45
10,895,937.46,1714.8,89.50,93.75,0,1000,-92.09,105%,1.20,0.85,796.84,246.30,2043.14,328.34
13,858,2258.01,1889.71,66.00,173.69,0,1300,975.22,48%,1.20,0.85,1919.31,239.64,3458.95,1569.24
11,650,524.8,1179.09,59.09,47.71,0,1100,-1308.59,211%,1.20,1.00,524.80,202.20,1827.00,647.91
4,198,2106.63,1450.67,49.50,526.66,0,400,1747.26,-20%,1.00,0.85,1790.64,79.56,2270.20,819.53
1,791,1927.75,1419.88,791.00,1927.75,0,100,1850.46,-30%,1.20,0.85,1638.59,227.58,1966.17,546.29
14,1020,1201.75,2337.73,72.86,85.84,0,1400,-2223.10,195%,1.20,1.00,1201.75,268.80,2870.55,532.82
12,59,2247.39,1629.92,4.92,187.28,0,1200,2626.65,-61%,1.00,0.85,1910.28,34.22,3144.50,1514.58
8,626,545.84,1142.89,78.25,68.23,0,800,170.88,85%,1.20,1.00,545.84,197.88,1543.72,400.83
5,57,559.05,639.73,11.40,111.81,620.21,500,791.52,-24%,1.00,0.85,475.19,33.06,1628.46,988.73
5,908,716.7,1375.88,181.60,143.34,620.21,500,1553.55,-13%,1.20,0.85,609.20,248.64,1978.05,602.17
13,8,78.44,713.71,0.62,6.03,0,1300,-2112.36,396%,1.00,1.00,78.44,4.64,1383.08,669.37
11,684,672.51,1487.93,62.18,61.14,0,1100,-1053.46,171%,1.20,1.00,672.51,208.32,1980.83,492.90
4,180,2365.46,1443.02,45.00,591.37,0,400,1885.70,-31%,1.00,0.85,2010.64,75.60,2486.24,1043.22
13,511,1628.33,1915.79,39.31,125.26,0,1300,72.51,96%,1.00,0.85,1384.08,147.65,2831.73,915.94
4,231,20.39,499.26,57.75,5.10,0,400,405.86,19%,1.20,1.00,20.39,104.18,524.57,25.31
9,1139,1973.31,1759.33,126.56,219.26,0,900,2190.29,-24%,1.20,0.85,1677.31,290.22,2867.53,1108.20
9,578,1167.71,1587.21,64.22,129.75,0,900,742.00,53%,1.20,0.85,992.55,189.24,2081.79,494.58
14,530,2028.06,2079.14,37.86,144.86,0,1400,453.96,78%,1.00,0.85,1723.85,150.50,3274.35,1195.21
7,316,141.89,837.8,45.14,20.27,0,700,9.25,99%,1.00,1.00,141.89,105.52,947.41,109.61
2,897,2382.39,1437.95,448.50,1191.20,0,200,2503.92,-74%,1.20,0.85,2025.03,246.66,2471.69,1033.74
12,121,608.92,1033.44,10.08,50.74,0,1200,-777.15,175%,1.00,1.00,608.92,62.62,1871.54,838.10
4,764,1417.94,1682.1,191.00,354.49,0,400,1970.82,-17%,1.20,0.85,1205.25,222.72,1827.97,145.87
11,663,2141.08,1715.29,60.27,194.64,0,1100,1694.84,1%,1.20,0.85,1819.92,204.54,3124.46,1409.17
3,91,1640.15,1338.3,30.33,546.72,0,300,1149.30,14%,1.00,0.85,1394.13,52.78,1746.91,408.61
1,1035,1289.84,1317.33,1035.00,1289.84,0,100,2530.18,-92%,1.20,0.85,1096.36,271.50,1467.86,150.53
7,125,193.62,616.24,17.86,27.66,0,700,188.98,69%,1.00,1.00,193.62,63.50,957.12,340.88
12,437,639.96,1183.74,36.42,53.33,0,1200,-1375.33,216%,1.00,1.00,639.96,132.14,1972.10,788.36
4,84,2243.12,1392.1,21.00,560.78,0,400,1784.03,-28%,1.00,0.85,1906.65,48.72,2355.37,963.27
5,716,1316.6,1686.98,143.20,263.32,620.21,500,1775.87,-5%,1.20,0.85,1119.11,214.08,2453.40,766.42
12,18,2461.37,1556.78,1.50,205.11,0,1200,3140.83,-102%,1.00,0.85,2092.16,10.44,3302.60,1745.82
3,560,1664.15,1419.48,186.67,554.72,0,300,1675.50,-18%,1.20,0.85,1414.53,186.00,1900.53,481.05
3,504,63.39,568.17,168.00,21.13,0,300,759.55,-34%,1.20,1.00,63.39,175.92,539.31,-28.86
5,1126,664.9,1336.74,225.20,132.98,620.21,500,1951.59,-46%,1.20,0.85,565.17,287.88,1973.26,636.52
1,1092,390.55,589.11,1092.00,390.55,0,100,2530.92,-330%,1.20,0.85,331.97,281.76,713.73,124.62
11,273,502.37,862.61,24.82,45.67,0,1100,-851.66,199%,1.00,1.00,502.37,96.06,1698.43,835.82
4,6,458.7,459.21,1.50,114.68,0,400,678.96,-48%,1.00,0.85,389.90,3.48,793.38,334.17
1,620,490.45,678.74,620.00,490.45,0,100,1156.30,-70%,1.20,0.85,416.88,196.80,713.68,34.94
5,659,2083.15,1645.06,131.80,416.63,620.21,500,2326.20,-41%,1.20,0.85,1770.68,203.82,3094.71,1449.65
12,353,2150.17,1765.67,29.42,179.18,0,1200,1807.32,-2%,1.00,0.85,1827.64,113.66,3141.30,1375.63
13,618,1982.27,2000.39,47.54,152.48,0,1300,664.50,67%,1.00,0.85,1684.93,163.70,3148.63,1148.24
2,1158,2355.92,1528.91,579.00,1177.96,0,200,3332.36,-118%,1.20,0.85,2002.53,293.64,2496.17,967.26
3,512,1251.6,1360.76,170.67,417.20,0,300,1401.54,-3%,1.20,0.85,1063.86,177.36,1541.22,180.46
5,840,941.55,1676.48,168.00,188.31,620.21,500,1637.84,2%,1.20,0.85,800.32,236.40,2156.93,480.45
7,1086,2319.81,1858.36,155.14,331.40,0,700,3103.17,-67%,1.20,0.85,1971.84,280.68,2952.52,1094.16
13,1152,864.45,1797.14,88.62,66.50,0,1300,-2288.05,227%,1.20,1.00,864.45,292.56,2457.01,659.87
4,840,1375.42,1580.95,210.00,343.86,0,400,2087.13,-32%,1.20,0.85,1169.11,236.40,1805.51,224.56
4,724,89.99,667.98,181.00,22.50,0,400,954.09,-43%,1.20,1.00,89.99,215.52,705.51,37.53
3,327,2141.92,1438.41,109.00,713.97,0,300,1558.07,-8%,1.20,0.85,1820.63,129.53,2250.16,811.75
13,1055,2005.84,1997.52,81.15,154.30,0,1300,297.83,85%,1.20,0.85,1704.96,275.10,3280.06,1282.54
1,931,327.97,609.73,931.00,327.97,0,100,1978.51,-224%,1.20,0.85,278.77,252.78,631.55,21.82
10,108,2181.67,1632.42,10.80,218.17,0,1000,2617.72,-60%,1.00,0.85,1854.42,59.76,2914.18,1281.76
13,1204,24.47,1344.17,92.62,1.88,0,1300,-4240.66,415%,1.20,1.00,24.47,301.92,1626.39,282.22
5,517,919.25,1288.31,103.40,183.85,620.21,500,1219.30,5%,1.20,0.85,781.36,178.26,2079.83,791.52
8,897,1536.36,1944.62,112.13,192.05,0,800,1659.20,15%,1.20,0.85,1305.91,246.66,2352.57,407.95
12,988,2492.79,1753.84,82.33,207.73,0,1200,1845.86,-5%,1.20,0.85,2118.87,263.04,3581.91,1828.07
1,1041,1630.25,1466.95,1041.00,1630.25,0,100,2611.29,-78%,1.20,0.85,1385.71,272.58,1758.29,291.34
10,454,2359.42,1619,45.40,235.94,0,1000,2455.51,-52%,1.00,0.85,2005.51,135.88,3141.39,1522.39
5,406,1084.16,1399.39,81.20,216.83,620.21,500,1279.63,9%,1.20,0.85,921.54,150.38,2192.13,792.74
4,103,1790.07,1394.55,25.75,447.52,0,400,1527.68,-10%,1.00,0.85,1521.56,58.66,1980.22,585.67
11,198,269.95,695.66,18.00,24.54,0,1100,-1150.52,265%,1.00,1.00,269.95,79.56,1449.51,753.85
4,477,18.97,631.5,119.25,4.74,0,400,577.85,8%,1.20,1.00,18.97,169.13,588.10,-43.40
11,67,2455.53,1572.91,6.09,223.23,0,1100,3097.15,-97%,1.00,0.85,2087.20,38.86,3226.06,1653.15
7,789,185.73,966.26,112.71,26.53,0,700,158.89,84%,1.20,1.00,185.73,227.22,1112.95,146.69
13,70,993.7,1492.02,5.38,76.44,0,1300,-276.26,119%,1.00,1.00,993.70,40.60,2334.30,842.28
12,59,858.62,1377.35,4.92,71.55,0,1200,-112.25,108%,1.00,1.00,858.62,34.22,2092.84,715.49
3,1027,180,804.96,342.33,60.00,0,300,1899.55,-136%,1.20,1.00,180.00,270.06,750.06,-54.90
3,275,543.74,572.73,91.67,181.25,0,300,758.87,-33%,1.20,0.85,462.18,115.80,877.98,305.25
12,180,384.42,873.97,15.00,32.04,0,1200,-1380.39,258%,1.00,1.00,384.42,75.60,1660.02,786.05
3,334,2449.89,1472.53,111.33,816.63,0,300,1690.84,-15%,1.20,0.85,2082.41,131.38,2513.78,1041.25
7,759,1694.02,1960.92,108.43,242.00,0,700,1970.04,0%,1.20,0.85,1439.92,221.82,2361.74,400.82
10,174,1991.96,1542.4,17.40,199.20,0,1000,2205.39,-43%,1.00,0.85,1693.17,74.28,2767.45,1225.05
1,780,366.37,516.69,780.00,366.37,0,100,1541.80,-198%,1.20,0.85,311.41,225.60,637.01,120.32
9,934,415.5,1208.82,103.78,46.17,0,900,-407.91,134%,1.20,1.00,415.50,253.32,1568.82,360.00
8,936,556.28,1277.26,117.00,69.54,0,800,327.10,74%,1.20,1.00,556.28,253.68,1609.96,332.70
1,1002,2320.13,1475.4,1002.00,2320.13,0,100,2572.08,-74%,1.20,0.85,1972.11,265.56,2337.67,862.27
7,83,137.84,482.65,11.86,19.69,0,700,158.74,67%,1.00,1.00,137.84,48.14,885.98,403.33
9,191,789.52,1058.5,21.22,87.72,0,900,478.71,55%,1.00,1.00,789.52,78.02,1767.54,709.04
3,280,1090.37,1256.92,93.33,363.46,0,300,1037.26,17%,1.20,0.85,926.81,117.12,1343.93,87.01
5,644,2383.17,1785.53,128.80,476.63,620.21,500,2540.16,-42%,1.20,0.85,2025.69,201.12,3347.02,1561.49
10,498,992.86,1395.03,49.80,99.29,0,1000,155.10,89%,1.00,0.85,843.93,145.56,1989.49,594.46
4,317,1793.28,1518.93,79.25,448.32,0,400,1635.65,-8%,1.20,0.85,1524.29,126.89,2051.18,532.25
4,1100,370.61,860.32,275.00,92.65,0,400,1951.07,-127%,1.20,0.85,315.02,283.20,998.22,137.90
4,263,2469.06,1503.98,65.75,617.27,0,400,1991.23,-32%,1.20,0.85,2098.70,112.63,2611.33,1107.35
4,932,1287.34,1513.28,233.00,321.84,0,400,2220.59,-47%,1.20,0.85,1094.24,252.96,1747.20,233.92
14,343,2013.4,1839.05,24.50,143.81,0,1400,843.29,54%,1.00,0.85,1711.39,111.46,3222.85,1383.80
2,274,888.24,917.79,137.00,444.12,0,200,770.29,16%,1.20,0.85,755.00,115.54,1070.54,152.75
1,759,330.29,500.92,759.00,330.29,0,100,1475.88,-195%,1.20,0.85,280.75,221.82,602.57,101.65
8,204,2178.45,1506.38,25.50,272.31,0,800,2498.83,-66%,1.00,0.85,1851.68,80.88,2732.56,1226.18
10,396,2068.65,1556.68,39.60,206.87,0,1000,2040.69,-31%,1.00,0.85,1758.35,123.12,2881.47,1324.79
6,840,870.82,1496.46,140.00,145.14,0,600,1349.65,10%,1.20,0.85,740.20,236.40,1576.60,80.14
7,756,1473.59,1961.96,108.00,210.51,0,700,1709.33,13%,1.20,0.85,1252.55,221.28,2173.83,211.87
4,1048,279.75,780.15,262.00,69.94,0,400,1751.91,-125%,1.20,1.00,279.75,273.84,953.59,173.44
9,800,39.96,1158.68,88.89,4.44,0,900,-1055.44,191%,1.20,1.00,39.96,229.20,1169.16,10.48
3,240,1895.67,1386.33,80.00,631.89,0,300,1365.44,2%,1.20,0.85,1611.32,106.56,2017.88,631.55
13,997,920.48,2124.16,76.69,70.81,0,1300,-2088.78,198%,1.20,1.00,920.48,264.66,2485.14,360.98
2,826,2163.39,1523.26,413.00,1081.70,0,200,2244.89,-47%,1.20,0.85,1838.88,233.88,2272.76,749.50
6,194,914.25,1168.72,32.33,152.38,0,600,1067.57,9%,1.00,0.85,777.11,78.68,1455.79,287.07
4,333,1934.76,1467.52,83.25,483.69,0,400,1733.70,-18%,1.20,0.85,1644.55,131.11,2175.66,708.14
8,1053,1864.01,1794.57,131.63,233.00,0,800,2261.85,-26%,1.20,0.85,1584.41,274.74,2659.15,864.58
12,466,1291.33,1770.37,38.83,107.61,0,1200,-91.73,105%,1.00,0.85,1097.63,138.52,2436.15,665.78
8,916,2417.62,1755.05,114.50,302.20,0,800,2846.19,-62%,1.20,0.85,2054.98,250.08,3105.06,1350.01
11,322,1251.3,1732.46,29.27,113.75,0,1100,463.09,73%,1.00,0.85,1063.61,106.84,2270.45,537.99
13,11,1114.96,1555.48,0.85,85.77,0,1300,163.07,90%,1.00,1.00,1114.96,6.38,2421.34,865.86
7,250,364.79,718.71,35.71,52.11,0,700,311.71,57%,1.00,1.00,364.79,91.00,1155.79,437.08
5,247,296.51,594.93,49.40,59.30,620.21,500,548.94,8%,1.00,1.00,296.51,90.34,1507.06,912.13
14,1158,2104.61,1899.69,82.71,150.33,0,1400,-161.28,108%,1.20,0.85,1788.92,293.64,3482.56,1582.87
11,1095,1071.83,2159.33,99.55,97.44,0,1100,-392.43,118%,1.20,0.85,911.06,282.30,2293.36,134.03
11,1149,270.81,1284.51,104.45,24.62,0,1100,-1936.05,251%,1.20,1.00,270.81,292.02,1662.83,378.32
9,14,1057.38,1372.31,1.56,117.49,0,900,1147.85,16%,1.00,0.85,898.77,8.12,1806.89,434.58
4,184,983.77,1202.69,46.00,245.94,0,400,1050.25,13%,1.00,0.85,836.20,76.48,1312.68,109.99
6,135,2488.22,1561.2,22.50,414.70,0,600,2571.45,-65%,1.00,0.85,2114.99,65.70,2780.69,1219.49
5,717,1508.97,1722.49,143.40,301.79,620.21,500,1938.44,-13%,1.20,0.85,1282.62,214.26,2617.09,894.60
1,389,1964.96,1228.94,389.00,1964.96,0,100,875.88,29%,1.20,0.85,1670.22,145.90,1916.11,687.17
3,1136,1296.54,1536.6,378.67,432.18,0,300,2850.33,-85%,1.20,0.85,1102.06,289.68,1691.74,155.14
13,145,2202.42,1716.13,11.15,169.42,0,1300,2107.74,-23%,1.00,0.85,1872.06,67.90,3239.96,1523.83
1,1122,861.5,1081.05,1122.00,861.50,0,100,2751.19,-154%,1.20,0.85,732.28,287.16,1119.44,38.39
14,383,97.95,1203.93,27.36,7.00,0,1400,-3802.17,416%,1.00,1.00,97.95,120.26,1618.21,414.28
1,309,1211.37,1110.55,309.00,1211.37,0,100,645.90,42%,1.20,0.85,1029.66,124.78,1254.44,143.89
14,1090,2248.68,1905.5,77.86,160.62,0,1400,217.42,89%,1.20,0.85,1911.38,281.40,3592.78,1687.28
3,278,994.9,1167.78,92.67,331.63,0,300,989.02,15%,1.20,0.85,845.67,116.59,1262.26,94.48
7,1109,2397.29,1917.57,158.43,342.47,0,700,3231.28,-69%,1.20,0.85,2037.70,284.82,3022.52,1104.95
12,643,2194.16,1758.03,53.58,182.85,0,1200,1477.65,16%,1.20,0.85,1865.04,200.94,3265.98,1507.95
11,176,1050.67,1444.13,16.00,95.52,0,1100,354.81,75%,1.00,0.85,893.07,74.72,2067.79,623.66
7,309,1021.75,1309.85,44.14,145.96,0,700,1070.84,18%,1.00,0.85,868.49,103.98,1672.47,362.62
3,992,1897.41,1539,330.67,632.47,0,300,2740.63,-78%,1.20,0.85,1612.80,263.76,2176.56,637.56
3,175,440.19,431.17,58.33,146.73,0,300,629.17,-46%,1.20,0.85,374.16,89.40,763.56,332.39
5,895,2329.69,1791.96,179.00,465.94,620.21,500,2893.48,-61%,1.20,0.85,1980.24,246.30,3346.75,1554.79
8,372,348.37,950.24,46.50,43.55,0,800,-44.36,105%,1.00,1.00,348.37,117.84,1266.21,315.97
5,567,193.11,718.3,113.40,38.62,620.21,500,622.41,13%,1.20,1.00,193.11,187.26,1500.58,782.28
8,978,710.43,1624.58,122.25,88.80,0,800,584.00,64%,1.20,1.00,710.43,261.24,1771.67,147.09
1,1082,1809.49,446.94,1082.00,1809.49,0,100,2786.37,-523%,1.20,0.85,1538.07,279.96,1918.03,1471.09
11,636,2238.97,1699.94,57.82,203.54,0,1100,1891.33,-11%,1.20,0.85,1903.12,199.68,3202.80,1502.86
6,370,315.09,946.39,61.67,52.52,0,600,435.74,54%,1.20,1.00,315.09,140.88,1055.97,109.58
8,413,222.83,802.95,51.63,27.85,0,800,-241.33,130%,1.20,1.00,222.83,152.23,1175.06,372.11
3,399,141.39,546.04,133.00,47.13,0,300,669.02,-23%,1.20,1.00,141.39,148.54,589.93,43.89